Time,PIR2,Avg1,Avg2,Dif,Detrend
2025-04-25 13:00:00+00:00,0.011904761904761904,,,,
2025-04-25 14:00:00+00:00,11.73611111111111,,,,
2025-04-25 15:00:00+00:00,0.027777777777777776,3.9252645502645507,,,
2025-04-25 16:00:00+00:00,6.411111111111111,6.058333333333334,,,
2025-04-25 17:00:00+00:00,3.952777777777778,3.463888888888889,,,
2025-04-25 18:00:00+00:00,41.57222222222222,17.312037037037037,,,
2025-04-25 19:00:00+00:00,23.81111111111111,23.112037037037037,,,
2025-04-25 20:00:00+00:00,31.875,32.419444444444444,,,
2025-04-25 21:00:00+00:00,9.697222222222223,21.79444444444444,,,
2025-04-25 22:00:00+00:00,26.83888888888889,22.803703703703704,,,
2025-04-25 23:00:00+00:00,34.83888888888889,23.791666666666668,,,
2025-04-26 00:00:00+00:00,4.597222222222222,22.09166666666667,,,
2025-04-26 01:00:00+00:00,11.511111111111111,16.982407407407408,,,
2025-04-26 02:00:00+00:00,29.522222222222222,15.210185185185187,,,
2025-04-26 03:00:00+00:00,41.71944444444444,27.584259259259255,,,
2025-04-26 04:00:00+00:00,40.958333333333336,37.4,,,
2025-04-26 05:00:00+00:00,1.9472222222222222,28.208333333333332,,,
2025-04-26 06:00:00+00:00,8.705555555555556,17.203703703703702,,,
2025-04-26 07:00:00+00:00,0.0,3.550925925925924,,,
2025-04-26 08:00:00+00:00,0.0,2.9018518518518497,,,
2025-04-26 09:00:00+00:00,10.286111111111111,3.4287037037037016,,,
2025-04-26 10:00:00+00:00,0.0,3.4287037037037016,,,
2025-04-26 11:00:00+00:00,8.241666666666667,6.175925925925924,,,
2025-04-26 12:00:00+00:00,0.375,2.87222222222222,14.526537698412698,-11.654315476190478,-14.151537698412698
2025-04-26 13:00:00+00:00,6.933333333333334,5.183333333333331,14.814930555555556,-9.631597222222226,-7.881597222222222
2025-04-26 14:00:00+00:00,3.138888888888889,3.4824074074074054,14.456712962962962,-10.974305555555556,-11.317824074074073
2025-04-26 15:00:00+00:00,4.761111111111111,4.944444444444442,14.653935185185183,-9.70949074074074,-9.892824074074072
2025-04-26 16:00:00+00:00,1.35,3.083333333333331,14.443055555555555,-11.359722222222224,-13.093055555555555
2025-04-26 17:00:00+00:00,23.17222222222222,9.761111111111108,15.24386574074074,-5.482754629629632,7.928356481481481
2025-04-26 18:00:00+00:00,51.708333333333336,25.410185185185185,15.666203703703706,9.743981481481478,36.04212962962963
2025-04-26 19:00:00+00:00,47.297222222222224,40.72592592592593,16.644791666666666,24.08113425925926,30.652430555555558
2025-04-26 20:00:00+00:00,23.719444444444445,40.90833333333334,16.30497685185185,24.603356481481487,7.414467592592594
2025-04-26 21:00:00+00:00,15.019444444444444,28.678703703703704,16.526736111111113,12.151967592592591,-1.507291666666669
2025-04-26 22:00:00+00:00,51.736111111111114,30.15833333333333,17.56412037037037,12.59421296296296,34.17199074074074
2025-04-26 23:00:00+00:00,39.49166666666667,35.41574074074074,17.757986111111112,17.657754629629625,21.733680555555555
2025-04-27 00:00:00+00:00,12.475,34.56759259259259,18.08622685185185,16.48136574074074,-5.6112268518518515
2025-04-27 01:00:00+00:00,13.963888888888889,21.976851851851848,18.188425925925923,3.7884259259259245,-4.2245370370370345
2025-04-27 02:00:00+00:00,44.80555555555556,23.748148148148147,18.825231481481485,4.922916666666662,25.980324074074073
2025-04-27 03:00:00+00:00,44.13333333333333,34.300925925925924,18.925810185185185,15.375115740740739,25.207523148148148
2025-04-27 04:00:00+00:00,22.18888888888889,37.04259259259259,18.14375,18.89884259259259,4.045138888888889
2025-04-27 05:00:00+00:00,2.15,22.824074074074073,18.152199074074076,4.6718749999999964,-16.002199074074078
2025-04-27 06:00:00+00:00,2.213888888888889,8.850925925925923,17.88171296296296,-9.030787037037038,-15.667824074074073
2025-04-27 07:00:00+00:00,7.9,4.087962962962961,18.21087962962963,-14.122916666666669,-10.31087962962963
2025-04-27 08:00:00+00:00,0.013888888888888888,3.3759259259259236,18.211458333333333,-14.83553240740741,-18.197569444444444
2025-04-27 09:00:00+00:00,5.513888888888889,4.475925925925924,18.012615740740742,-13.536689814814817,-12.498726851851853
2025-04-27 10:00:00+00:00,1.086111111111111,2.2046296296296277,18.05787037037037,-15.853240740740743,-16.971759259259258
2025-04-27 11:00:00+00:00,0.002777777777777778,2.2009259259259237,17.714583333333334,-15.51365740740741,-17.711805555555557
2025-04-27 12:00:00+00:00,0.6222222222222222,0.570370370370368,17.72488425925926,-17.15451388888889,-17.102662037037035
2025-04-27 13:00:00+00:00,4.530555555555556,1.7185185185185163,17.62476851851852,-15.906250000000002,-13.094212962962963
2025-04-27 14:00:00+00:00,0.041666666666666664,1.7314814814814792,17.49571759259259,-15.764236111111112,-17.454050925925923
2025-04-27 15:00:00+00:00,0.6555555555555556,1.7425925925925903,17.32465277777778,-15.582060185185188,-16.669097222222224
2025-04-27 16:00:00+00:00,7.344444444444444,2.680555555555553,17.574421296296297,-14.893865740740743,-10.229976851851852
2025-04-27 17:00:00+00:00,44.394444444444446,17.46481481481481,18.458680555555556,-0.9938657407407447,25.93576388888889
2025-04-27 18:00:00+00:00,14.216666666666667,21.985185185185184,16.896527777777777,5.088657407407407,-2.6798611111111104
2025-04-27 19:00:00+00:00,34.766666666666666,31.125925925925923,16.374421296296294,14.751504629629629,18.39224537037037
2025-04-27 20:00:00+00:00,40.11666666666667,29.7,17.05763888888889,12.64236111111111,23.05902777777778
2025-04-27 21:00:00+00:00,26.355555555555554,33.74629629629629,17.529976851851853,16.21631944444444,8.825578703703702
2025-04-27 22:00:00+00:00,2.9055555555555554,23.125925925925923,15.495370370370372,7.630555555555551,-12.589814814814817
2025-04-27 23:00:00+00:00,40.669444444444444,23.31018518518518,15.544444444444444,7.7657407407407355,25.125
2025-04-28 00:00:00+00:00,14.911111111111111,19.49537037037037,15.645949074074075,3.8494212962962955,-0.7348379629629633
2025-04-28 01:00:00+00:00,51.355555555555554,35.645370370370365,17.203935185185188,18.441435185185178,34.15162037037037
2025-04-28 02:00:00+00:00,20.122222222222224,28.79629629629629,16.175462962962964,12.620833333333326,3.9467592592592595
2025-04-28 03:00:00+00:00,34.63611111111111,35.37129629629629,15.779745370370371,19.591550925925922,18.856365740740742
2025-04-28 04:00:00+00:00,14.86111111111111,23.20648148148148,15.474421296296297,7.732060185185182,-0.6133101851851865
2025-04-28 05:00:00+00:00,8.180555555555555,19.225925925925925,15.725694444444443,3.5002314814814817,-7.5451388888888875
2025-04-28 06:00:00+00:00,0.9055555555555556,7.982407407407405,15.671180555555557,-7.688773148148152,-14.765625000000002
2025-04-28 07:00:00+00:00,0.027777777777777776,3.0379629629629608,15.343171296296296,-12.305208333333335,-15.315393518518517
2025-04-28 08:00:00+00:00,2.2916666666666665,1.0749999999999975,15.438078703703704,-14.363078703703707,-13.146412037037038
2025-04-28 09:00:00+00:00,0.0,0.7731481481481457,15.208333333333334,-14.435185185185189,-15.208333333333334
2025-04-28 10:00:00+00:00,9.447222222222223,3.9129629629629608,15.556712962962962,-11.64375,-6.109490740740739
2025-04-28 11:00:00+00:00,0.022222222222222223,3.1564814814814794,15.557523148148148,-12.401041666666668,-15.535300925925926
2025-04-28 12:00:00+00:00,2.6805555555555554,4.049999999999998,15.643287037037036,-11.593287037037037,-12.96273148148148
2025-04-28 13:00:00+00:00,0.022222222222222223,0.9083333333333309,15.455439814814815,-14.547106481481483,-15.433217592592593
2025-04-28 14:00:00+00:00,5.727777777777778,2.810185185185183,15.692361111111111,-12.882175925925928,-9.964583333333334
2025-04-28 15:00:00+00:00,0.8305555555555556,2.193518518518516,15.699652777777779,-13.506134259259262,-14.869097222222223
2025-04-28 16:00:00+00:00,14.9,7.152777777777776,16.01446759259259,-8.861689814814817,-1.1144675925925913
2025-04-28 17:00:00+00:00,47.475,21.068518518518516,16.142824074074074,4.925694444444442,31.332175925925927
2025-04-28 18:00:00+00:00,31.177777777777777,31.18425925925926,16.849537037037038,14.334722222222222,14.328240740740739
2025-04-28 19:00:00+00:00,14.377777777777778,31.010185185185183,16.0,15.010185185185183,-1.6222222222222218
2025-04-28 20:00:00+00:00,43.44166666666667,29.665740740740745,16.138541666666665,13.52719907407408,27.303125000000005
2025-04-28 21:00:00+00:00,44.025,33.94814814814815,16.87476851851852,17.07337962962963,27.15023148148148
2025-04-28 22:00:00+00:00,25.694444444444443,37.72037037037037,17.824305555555554,19.896064814814814,7.870138888888889
2025-04-28 23:00:00+00:00,12.536111111111111,27.418518518518514,16.652083333333334,10.76643518518518,-4.115972222222222
2025-04-29 00:00:00+00:00,13.097222222222221,17.109259259259257,16.57650462962963,0.532754629629629,-3.479282407407407
2025-04-29 01:00:00+00:00,29.675,18.436111111111114,15.673148148148146,2.762962962962968,14.001851851851855
2025-04-29 02:00:00+00:00,35.09722222222222,25.95648148148148,16.29710648148148,9.659374999999997,18.80011574074074
2025-04-29 03:00:00+00:00,36.891666666666666,33.88796296296296,16.39108796296296,17.496875,20.500578703703706
2025-04-29 04:00:00+00:00,11.344444444444445,27.777777777777775,16.244560185185186,11.533217592592589,-4.900115740740741
2025-04-29 05:00:00+00:00,6.311111111111111,18.182407407407407,16.166666666666668,2.015740740740739,-9.855555555555558
2025-04-29 06:00:00+00:00,0.0,5.885185185185185,16.128935185185185,-10.243749999999999,-16.128935185185185
2025-04-29 07:00:00+00:00,2.7666666666666666,3.0259259259259257,16.243055555555557,-13.217129629629632,-13.476388888888891
2025-04-29 08:00:00+00:00,0.0,0.9222222222222222,16.147569444444446,-15.225347222222224,-16.147569444444446
2025-04-29 09:00:00+00:00,3.375,2.047222222222222,16.288194444444446,-14.240972222222224,-12.913194444444446
2025-04-29 10:00:00+00:00,0.0,1.125,15.894560185185185,-14.769560185185185,-15.894560185185185
2025-04-29 11:00:00+00:00,0.3388888888888889,1.237962962962963,15.907754629629629,-14.669791666666667,-15.56886574074074
2025-04-29 12:00:00+00:00,7.536111111111111,2.625,16.110069444444445,-13.485069444444445,-8.573958333333334
2025-04-29 13:00:00+00:00,0.0,2.625,16.10914351851852,-13.484143518518518,-16.10914351851852
2025-04-29 14:00:00+00:00,0.8138888888888889,2.783333333333333,15.904398148148148,-13.121064814814815,-15.09050925925926
2025-04-29 15:00:00+00:00,8.886111111111111,3.233333333333333,16.240046296296295,-13.006712962962963,-7.353935185185184
2025-04-29 16:00:00+00:00,21.79722222222222,10.499074074074073,16.527430555555558,-6.0283564814814845,5.269791666666663
2025-04-29 17:00:00+00:00,48.62777777777778,26.437037037037033,16.575462962962963,9.86157407407407,32.05231481481482
2025-04-29 18:00:00+00:00,45.74444444444445,38.72314814814815,17.182407407407407,21.54074074074074,28.56203703703704
2025-04-29 19:00:00+00:00,37.84166666666667,44.0712962962963,18.160069444444446,25.911226851851858,19.681597222222223
2025-04-29 20:00:00+00:00,41.419444444444444,41.66851851851852,18.075810185185187,23.59270833333333,23.343634259259257
2025-04-29 21:00:00+00:00,39.07222222222222,39.44444444444445,17.869444444444444,21.575000000000006,21.20277777777778
2025-04-29 22:00:00+00:00,0.125,26.872222222222224,16.804050925925925,10.068171296296299,-16.679050925925925
2025-04-29 23:00:00+00:00,20.441666666666666,19.87962962962963,17.133449074074075,2.7461805555555543,3.308217592592591
2025-04-30 00:00:00+00:00,7.161111111111111,9.242592592592592,16.88611111111111,-7.643518518518517,-9.724999999999998
2025-04-30 01:00:00+00:00,18.269444444444446,15.29074074074074,16.41087962962963,-1.1201388888888903,1.858564814814816
2025-04-30 02:00:00+00:00,44.65833333333333,23.362962962962964,16.80925925925926,6.553703703703704,27.84907407407407
2025-04-30 03:00:00+00:00,17.4,26.77592592592593,15.997106481481483,10.778819444444446,1.4028935185185158
2025-04-30 04:00:00+00:00,18.830555555555556,26.962962962962962,16.309027777777775,10.653935185185187,2.5215277777777807
2025-04-30 05:00:00+00:00,0.0,12.07685185185185,16.046064814814816,-3.969212962962965,-16.046064814814816
2025-04-30 06:00:00+00:00,4.777777777777778,7.8694444444444445,16.245138888888892,-8.375694444444449,-11.467361111111114
2025-04-30 07:00:00+00:00,2.227777777777778,2.335185185185185,16.222685185185185,-13.8875,-13.994907407407407
2025-04-30 08:00:00+00:00,0.008333333333333333,2.3379629629629632,16.223032407407405,-13.885069444444442,-16.214699074074073
2025-04-30 09:00:00+00:00,2.661111111111111,1.6324074074074073,16.193287037037035,-14.560879629629627,-13.532175925925923
2025-04-30 10:00:00+00:00,0.41944444444444445,1.0296296296296295,16.210763888888888,-15.181134259259258,-15.791319444444444
2025-04-30 11:00:00+00:00,3.066666666666667,2.049074074074074,16.324421296296297,-14.275347222222223,-13.25775462962963
2025-04-30 12:00:00+00:00,0.0,1.162037037037037,16.010416666666668,-14.848379629629632,-16.010416666666668
2025-04-30 13:00:00+00:00,12.994444444444444,5.353703703703704,16.55185185185185,-11.198148148148146,-3.557407407407407
2025-04-30 14:00:00+00:00,0.2361111111111111,4.410185185185185,16.52777777777778,-12.117592592592594,-16.291666666666668
2025-04-30 15:00:00+00:00,1.2527777777777778,4.8277777777777775,16.209722222222222,-11.381944444444445,-14.956944444444444
2025-04-30 16:00:00+00:00,27.602777777777778,9.697222222222223,16.45162037037037,-6.754398148148148,11.151157407407407
2025-04-30 17:00:00+00:00,44.91388888888889,24.589814814814815,16.296875,8.292939814814815,28.61701388888889
2025-04-30 18:00:00+00:00,39.28611111111111,37.26759259259259,16.02777777777778,21.239814814814814,23.258333333333333
2025-04-30 19:00:00+00:00,41.62777777777778,41.9425925925926,16.185532407407408,25.75706018518519,25.442245370370372
2025-04-30 20:00:00+00:00,47.25555555555555,42.72314814814815,16.428703703703704,26.294444444444444,30.82685185185185
2025-04-30 21:00:00+00:00,16.002777777777776,34.962037037037035,15.46747685185185,19.494560185185186,0.5353009259259256
2025-04-30 22:00:00+00:00,11.66388888888889,24.97407407407407,15.948263888888889,9.025810185185183,-4.284374999999999
2025-04-30 23:00:00+00:00,20.355555555555554,16.007407407407406,15.944675925925926,0.06273148148147989,4.410879629629628
2025-05-01 00:00:00+00:00,21.458333333333332,17.825925925925926,16.540393518518517,1.285532407407409,4.917939814814815
2025-05-01 01:00:00+00:00,22.56111111111111,21.458333333333332,16.719212962962963,4.739120370370369,5.841898148148147
2025-05-01 02:00:00+00:00,28.68888888888889,24.23611111111111,16.053819444444443,8.182291666666668,12.635069444444447
2025-05-01 03:00:00+00:00,23.68888888888889,24.97962962962963,16.31585648148148,8.663773148148152,7.373032407407411
2025-05-01 04:00:00+00:00,18.75,23.70925925925926,16.3125,7.396759259259259,2.4375
2025-05-01 05:00:00+00:00,0.11388888888888889,14.184259259259262,16.317245370370372,-2.1329861111111104,-16.203356481481485
2025-05-01 06:00:00+00:00,6.338888888888889,8.400925925925925,16.382291666666664,-7.981365740740738,-10.043402777777775
2025-05-01 07:00:00+00:00,1.2,2.550925925925926,16.339467592592595,-13.788541666666669,-15.139467592592595
2025-05-01 08:00:00+00:00,0.4222222222222222,2.6537037037037035,16.356712962962963,-13.70300925925926,-15.93449074074074
2025-05-01 09:00:00+00:00,0.0,0.5407407407407407,16.245833333333334,-15.705092592592592,-16.245833333333334
2025-05-01 10:00:00+00:00,6.791666666666667,2.4046296296296297,16.51134259259259,-14.10671296296296,-9.719675925925923
2025-05-01 11:00:00+00:00,1.8305555555555555,2.874074074074074,16.45983796296296,-13.585763888888888,-14.629282407407405
2025-05-01 12:00:00+00:00,0.1,2.907407407407408,16.46400462962963,-13.556597222222223,-16.36400462962963
2025-05-01 13:00:00+00:00,2.013888888888889,1.3148148148148147,16.006481481481483,-14.691666666666668,-13.992592592592594
2025-05-01 14:00:00+00:00,0.0,0.7046296296296296,15.996643518518518,-15.292013888888889,-15.996643518518518
2025-05-01 15:00:00+00:00,2.022222222222222,1.3453703703703705,16.028703703703705,-14.683333333333335,-14.006481481481483
2025-05-01 16:00:00+00:00,40.919444444444444,14.31388888888889,16.583564814814814,-2.269675925925924,24.33587962962963
2025-05-01 17:00:00+00:00,52.31111111111111,31.750925925925927,16.89178240740741,14.859143518518518,35.4193287037037
2025-05-01 18:00:00+00:00,46.644444444444446,46.625,17.19837962962963,29.42662037037037,29.446064814814815
2025-05-01 19:00:00+00:00,29.863888888888887,42.93981481481482,16.708217592592593,26.231597222222224,13.155671296296294
2025-05-01 20:00:00+00:00,23.594444444444445,33.367592592592594,15.722337962962962,17.645254629629633,7.872106481481483
2025-05-01 21:00:00+00:00,7.413888888888889,20.29074074074074,15.364467592592591,4.92627314814815,-7.950578703703703
2025-05-01 22:00:00+00:00,33.81666666666667,21.608333333333338,16.287499999999998,5.32083333333334,17.529166666666672
2025-05-01 23:00:00+00:00,0.03888888888888889,13.756481481481485,15.440972222222221,-1.6844907407407366,-15.402083333333332
2025-05-02 00:00:00+00:00,7.538888888888889,13.798148148148151,14.86099537037037,-1.062847222222219,-7.322106481481481
2025-05-02 01:00:00+00:00,20.808333333333334,9.46203703703704,14.787962962962963,-5.325925925925922,6.020370370370371
2025-05-02 02:00:00+00:00,32.958333333333336,20.43518518518519,14.965856481481481,5.4693287037037095,17.992476851851855
2025-05-02 03:00:00+00:00,36.022222222222226,29.92962962962963,15.479745370370372,14.449884259259258,20.542476851851852
2025-05-02 04:00:00+00:00,10.811111111111112,26.597222222222225,15.148958333333335,11.44826388888889,-4.337847222222223
2025-05-02 05:00:00+00:00,3.8194444444444446,16.884259259259263,15.303356481481481,1.5809027777777818,-11.483912037037037
2025-05-02 06:00:00+00:00,0.019444444444444445,4.8833333333333355,15.040046296296298,-10.156712962962963,-15.020601851851854
2025-05-02 07:00:00+00:00,8.330555555555556,4.056481481481484,15.337152777777776,-11.280671296296292,-7.00659722222222
2025-05-02 08:00:00+00:00,3.672222222222222,4.00740740740741,15.472569444444444,-11.465162037037034,-11.800347222222221
2025-05-02 09:00:00+00:00,0.027777777777777776,4.010185185185187,15.47372685185185,-11.463541666666664,-15.445949074074072
2025-05-02 10:00:00+00:00,0.5972222222222222,1.4324074074074098,15.215625000000001,-13.78321759259259,-14.61840277777778
2025-05-02 11:00:00+00:00,0.22777777777777777,0.2842592592592616,15.148842592592594,-14.864583333333332,-14.921064814814816
2025-05-02 12:00:00+00:00,0.36666666666666664,0.3972222222222246,15.159953703703701,-14.762731481481477,-14.793287037037034
2025-05-02 13:00:00+00:00,0.7777777777777778,0.45740740740740976,15.108449074074075,-14.651041666666666,-14.330671296296297
2025-05-02 14:00:00+00:00,0.022222222222222223,0.3888888888888912,15.109375,-14.720486111111109,-15.087152777777778
2025-05-02 15:00:00+00:00,0.7972222222222223,0.5324074074074098,15.058333333333332,-14.525925925925922,-14.26111111111111
2025-05-02 16:00:00+00:00,48.513888888888886,16.444444444444446,15.37476851851852,1.0696759259259263,33.139120370370364
2025-05-02 17:00:00+00:00,51.138888888888886,33.48333333333333,15.325925925925924,18.157407407407405,35.81296296296296
2025-05-02 18:00:00+00:00,42.13611111111111,47.262962962962966,15.138078703703703,32.12488425925926,26.998032407407408
2025-05-02 19:00:00+00:00,34.40833333333333,42.56111111111111,15.327430555555557,27.23368055555555,19.080902777777773
2025-05-02 20:00:00+00:00,6.116666666666666,27.553703703703704,14.599189814814814,12.95451388888889,-8.482523148148147
2025-05-02 21:00:00+00:00,26.1,22.208333333333332,15.377777777777778,6.830555555555554,10.722222222222223
2025-05-02 22:00:00+00:00,25.825,19.347222222222225,15.044791666666667,4.302430555555558,10.780208333333333
2025-05-02 23:00:00+00:00,28.480555555555554,26.801851851851854,16.22986111111111,10.571990740740745,12.250694444444445
2025-05-03 00:00:00+00:00,13.511111111111111,22.605555555555558,16.478703703703705,6.126851851851853,-2.9675925925925934
2025-05-03 01:00:00+00:00,23.158333333333335,21.71666666666667,16.57662037037037,5.140046296296298,6.581712962962964
2025-05-03 02:00:00+00:00,33.65277777777778,23.44074074074074,16.605555555555558,6.835185185185182,17.04722222222222
2025-05-03 03:00:00+00:00,34.74722222222222,30.519444444444446,16.552430555555556,13.96701388888889,18.194791666666664
2025-05-03 04:00:00+00:00,5.777777777777778,24.72592592592593,16.34270833333333,8.383217592592601,-10.564930555555552
2025-05-03 05:00:00+00:00,0.49722222222222223,13.674074074074076,16.20428240740741,-2.5302083333333325,-15.707060185185187
2025-05-03 06:00:00+00:00,4.166666666666667,3.480555555555558,16.37708333333333,-12.896527777777774,-12.210416666666664
2025-05-03 07:00:00+00:00,0.55,1.7379629629629652,16.05289351851852,-14.314930555555554,-15.502893518518519
2025-05-03 08:00:00+00:00,0.022222222222222223,1.579629629629632,15.900810185185186,-14.321180555555554,-15.878587962962964
2025-05-03 09:00:00+00:00,2.911111111111111,1.1611111111111132,16.020949074074075,-14.859837962962962,-13.109837962962963
2025-05-03 10:00:00+00:00,3.438888888888889,2.1240740740740764,16.139351851851853,-14.015277777777776,-12.700462962962963
2025-05-03 11:00:00+00:00,0.075,2.141666666666669,16.13298611111111,-13.99131944444444,-16.05798611111111
2025-05-03 12:00:00+00:00,0.022222222222222223,1.1787037037037058,16.11863425925926,-14.939930555555554,-16.096412037037037
2025-05-03 13:00:00+00:00,2.7805555555555554,0.9592592592592614,16.20208333333333,-15.24282407407407,-13.421527777777776
2025-05-03 14:00:00+00:00,0.4666666666666667,1.0898148148148168,16.22060185185185,-15.130787037037033,-15.753935185185183
2025-05-03 15:00:00+00:00,1.961111111111111,1.7361111111111132,16.269097222222225,-14.532986111111112,-14.307986111111115
2025-05-03 16:00:00+00:00,48.394444444444446,16.940740740740743,16.264120370370367,0.6766203703703759,32.13032407407408
2025-05-03 17:00:00+00:00,59.047222222222224,36.467592592592595,16.59363425925926,19.873958333333334,42.45358796296296
2025-05-03 18:00:00+00:00,59.71111111111111,55.71759259259259,17.325925925925926,38.391666666666666,42.38518518518518
2025-05-03 19:00:00+00:00,53.45,57.40277777777778,18.119328703703705,39.28344907407407,35.3306712962963
2025-05-03 20:00:00+00:00,35.81944444444444,49.660185185185185,19.356944444444448,30.303240740740737,16.462499999999995
2025-05-03 21:00:00+00:00,0.19444444444444445,29.8212962962963,18.277546296296297,11.543750000000003,-18.083101851851854
2025-05-03 22:00:00+00:00,29.92222222222222,21.978703703703705,18.44826388888889,3.530439814814816,11.473958333333332
2025-05-03 23:00:00+00:00,2.1944444444444446,10.770370370370372,17.35300925925926,-6.582638888888887,-15.158564814814815
2025-05-04 00:00:00+00:00,17.477777777777778,16.53148148148148,17.518287037037037,-0.9868055555555557,-0.04050925925925952
2025-05-04 01:00:00+00:00,14.372222222222222,11.34814814814815,17.152199074074073,-5.804050925925923,-2.779976851851851
2025-05-04 02:00:00+00:00,44.83611111111111,25.56203703703704,17.618171296296296,7.943865740740744,27.217939814814812
2025-05-04 03:00:00+00:00,37.297222222222224,32.16851851851852,17.724421296296295,14.444097222222222,19.57280092592593
2025-05-04 04:00:00+00:00,11.472222222222221,31.201851851851853,17.961689814814815,13.240162037037038,-6.489467592592593
2025-05-04 05:00:00+00:00,10.197222222222223,19.65555555555556,18.36585648148148,1.289699074074079,-8.168634259259257
2025-05-04 06:00:00+00:00,0.0,7.223148148148151,18.19224537037037,-10.969097222222217,-18.19224537037037
2025-05-04 07:00:00+00:00,0.0,3.399074074074077,18.1693287037037,-14.770254629629624,-18.1693287037037
2025-05-04 08:00:00+00:00,4.441666666666666,1.4805555555555578,18.35347222222222,-16.87291666666666,-13.911805555555553
2025-05-04 09:00:00+00:00,4.794444444444444,3.078703703703706,18.431944444444444,-15.353240740740738,-13.6375
2025-05-04 10:00:00+00:00,8.016666666666667,5.750925925925929,18.622685185185187,-12.871759259259257,-10.60601851851852
2025-05-04 11:00:00+00:00,0.0,4.270370370370373,18.619560185185186,-14.349189814814814,-18.619560185185186
2025-05-04 12:00:00+00:00,1.4972222222222222,3.171296296296299,18.681018518518517,-15.509722222222218,-17.183796296296293
2025-05-04 13:00:00+00:00,0.0,0.49907407407407645,18.565162037037037,-18.06608796296296,-18.565162037037037
2025-05-04 14:00:00+00:00,2.3777777777777778,1.291666666666669,18.644791666666666,-17.353125,-16.26701388888889
2025-05-04 15:00:00+00:00,1.3111111111111111,1.229629629629632,18.617708333333336,-17.388078703703705,-17.306597222222226
2025-05-04 16:00:00+00:00,43.15555555555556,15.61481481481482,18.399421296296296,-2.784606481481477,24.756134259259262
2025-05-04 17:00:00+00:00,50.702777777777776,31.72314814814815,18.051736111111108,13.671412037037044,32.65104166666667
2025-05-04 18:00:00+00:00,56.852777777777774,50.237037037037034,17.93263888888889,32.304398148148145,38.920138888888886
2025-05-04 19:00:00+00:00,26.272222222222222,44.60925925925926,16.80023148148148,27.809027777777782,9.471990740740743
2025-05-04 20:00:00+00:00,28.48611111111111,37.2037037037037,16.494675925925925,20.709027777777777,11.991435185185185
2025-05-04 21:00:00+00:00,43.24166666666667,32.666666666666664,18.288310185185185,14.378356481481479,24.95335648148148
2025-05-04 22:00:00+00:00,2.7694444444444444,24.832407407407405,17.156944444444445,7.6754629629629605,-14.387500000000001
2025-05-04 23:00:00+00:00,9.341666666666667,18.45092592592593,17.45474537037037,0.9961805555555578,-8.113078703703705
2025-05-05 00:00:00+00:00,16.680555555555557,9.597222222222225,17.42152777777778,-7.824305555555554,-0.7409722222222221
2025-05-05 01:00:00+00:00,14.866666666666667,13.629629629629633,17.44212962962963,-3.8124999999999964,-2.5754629629629626
2025-05-05 02:00:00+00:00,37.65277777777778,23.066666666666666,17.142824074074074,5.923842592592592,20.509953703703705
2025-05-05 03:00:00+00:00,35.13333333333333,29.21759259259259,17.052662037037035,12.164930555555557,18.0806712962963
2025-05-05 04:00:00+00:00,11.963888888888889,28.25,17.073148148148146,11.176851851851854,-5.109259259259257
2025-05-05 05:00:00+00:00,0.22777777777777777,15.774999999999999,16.65775462962963,-0.8827546296296305,-16.42997685185185
2025-05-05 06:00:00+00:00,8.544444444444444,6.912037037037037,17.01377314814815,-10.101736111111112,-8.469328703703706
2025-05-05 07:00:00+00:00,23.772222222222222,10.848148148148148,18.004282407407405,-7.156134259259257,5.767939814814817
2025-05-05 08:00:00+00:00,2.6416666666666666,11.652777777777779,17.92928240740741,-6.276504629629631,-15.287615740740744
2025-05-05 09:00:00+00:00,3.922222222222222,10.112037037037037,17.892939814814813,-7.780902777777776,-13.97071759259259
2025-05-05 10:00:00+00:00,0.0,2.187962962962963,17.558912037037036,-15.370949074074073,-17.558912037037036
2025-05-05 11:00:00+00:00,1.5416666666666667,1.8212962962962962,17.62314814814815,-15.801851851851854,-16.081481481481482
2025-05-05 12:00:00+00:00,0.0,0.513888888888889,17.56076388888889,-17.046875,-17.56076388888889
2025-05-05 13:00:00+00:00,2.1666666666666665,1.236111111111111,17.651041666666668,-16.414930555555557,-15.484375000000002
2025-05-05 14:00:00+00:00,0.9194444444444444,1.0287037037037037,17.59027777777778,-16.561574074074073,-16.670833333333334
2025-05-05 15:00:00+00:00,0.8805555555555555,1.3222222222222222,17.572337962962962,-16.25011574074074,-16.691782407407405
2025-05-05 16:00:00+00:00,30.70277777777778,10.83425925925926,17.053472222222222,-6.2192129629629616,13.649305555555557
2025-05-05 17:00:00+00:00,20.308333333333334,17.29722222222222,15.787037037037038,1.5101851851851826,4.5212962962962955
2025-05-05 18:00:00+00:00,21.03611111111111,24.015740740740743,14.294675925925924,9.721064814814818,6.741435185185187
2025-05-05 19:00:00+00:00,50.94444444444444,30.762962962962963,15.322685185185186,15.440277777777776,35.62175925925926
2025-05-05 20:00:00+00:00,51.62777777777778,41.202777777777776,16.286921296296295,24.91585648148148,35.34085648148148
2025-05-05 21:00:00+00:00,28.102777777777778,43.55833333333334,15.65613425925926,27.902199074074076,12.446643518518519
2025-05-05 22:00:00+00:00,0.03888888888888889,26.589814814814815,15.542361111111111,11.047453703703704,-15.503472222222221
2025-05-05 23:00:00+00:00,16.841666666666665,14.994444444444445,15.854861111111111,-0.8604166666666657,0.9868055555555539
2025-05-06 00:00:00+00:00,5.891666666666667,7.590740740740739,15.405324074074075,-7.814583333333336,-9.513657407407408
2025-05-06 01:00:00+00:00,9.030555555555555,10.587962962962962,15.162152777777777,-4.574189814814815,-6.131597222222222
2025-05-06 02:00:00+00:00,35.31111111111111,16.744444444444444,15.064583333333333,1.6798611111111104,20.24652777777778
2025-05-06 03:00:00+00:00,36.763888888888886,27.035185185185185,15.132523148148147,11.902662037037038,21.63136574074074
2025-05-06 04:00:00+00:00,8.13888888888889,26.737962962962964,14.973148148148148,11.764814814814816,-6.834259259259259
2025-05-06 05:00:00+00:00,2.5555555555555554,15.819444444444441,15.07013888888889,0.7493055555555515,-12.514583333333334
2025-05-06 06:00:00+00:00,9.572222222222223,6.755555555555553,15.112962962962962,-8.35740740740741,-5.540740740740739
2025-05-06 07:00:00+00:00,0.0,4.04259259259259,14.122453703703703,-10.079861111111114,-14.122453703703703
2025-05-06 08:00:00+00:00,1.836111111111111,3.8027777777777754,14.088888888888889,-10.286111111111113,-12.252777777777778
2025-05-06 09:00:00+00:00,0.0,0.6120370370370346,13.925462962962962,-13.313425925925928,-13.925462962962962
2025-05-06 10:00:00+00:00,0.9944444444444445,0.9435185185185162,13.966898148148147,-13.02337962962963,-12.972453703703703
2025-05-06 11:00:00+00:00,0.24444444444444444,0.4129629629629606,13.91284722222222,-13.49988425925926,-13.668402777777777
2025-05-06 12:00:00+00:00,0.0,0.4129629629629606,13.91284722222222,-13.49988425925926,-13.91284722222222
2025-05-06 13:00:00+00:00,6.913888888888889,2.386111111111109,14.11064814814815,-11.72453703703704,-7.19675925925926
2025-05-06 14:00:00+00:00,2.0305555555555554,2.981481481481479,14.156944444444443,-11.175462962962964,-12.126388888888888
2025-05-06 15:00:00+00:00,0.625,3.1898148148148127,14.146296296296297,-10.956481481481484,-13.521296296296297
2025-05-06 16:00:00+00:00,29.988888888888887,10.88148148148148,14.116550925925926,-3.2350694444444468,15.87233796296296
2025-05-06 17:00:00+00:00,54.2,28.271296296296295,15.528703703703703,12.742592592592592,38.6712962962963
2025-05-06 18:00:00+00:00,44.02777777777778,42.73888888888889,16.486689814814813,26.252199074074074,27.541087962962965
2025-05-06 19:00:00+00:00,37.975,45.400925925925925,15.946296296296296,29.45462962962963,22.028703703703705
2025-05-06 20:00:00+00:00,12.647222222222222,31.549999999999997,14.322106481481482,17.227893518518513,-1.6748842592592599
2025-05-06 21:00:00+00:00,39.86666666666667,30.16296296296296,14.812268518518517,15.350694444444445,25.054398148148152
2025-05-06 22:00:00+00:00,22.855555555555554,25.123148148148147,15.762962962962964,9.360185185185182,7.09259259259259
2025-05-06 23:00:00+00:00,6.652777777777778,23.124999999999996,15.338425925925927,7.786574074074069,-8.68564814814815
2025-05-07 00:00:00+00:00,4.530555555555556,11.346296296296293,15.281712962962962,-3.9354166666666686,-10.751157407407405
2025-05-07 01:00:00+00:00,15.6,8.927777777777775,15.555439814814816,-6.627662037037041,0.04456018518518334
2025-05-07 02:00:00+00:00,30.075,16.735185185185184,15.337268518518519,1.3979166666666654,14.73773148148148
2025-05-07 03:00:00+00:00,32.12222222222222,25.932407407407407,15.143865740740742,10.788541666666665,16.978356481481477
2025-05-07 04:00:00+00:00,21.983333333333334,28.06018518518518,15.720717592592592,12.339467592592587,6.262615740740742
2025-05-07 05:00:00+00:00,0.0,18.03518518518518,15.614236111111111,2.42094907407407,-15.614236111111111
2025-05-07 06:00:00+00:00,0.025,7.336111111111109,15.216435185185185,-7.8803240740740765,-15.191435185185185
2025-05-07 07:00:00+00:00,5.586111111111111,1.8703703703703682,15.449189814814815,-13.578819444444447,-9.863078703703703
2025-05-07 08:00:00+00:00,0.0,1.8703703703703682,15.372685185185185,-13.502314814814817,-15.372685185185185
2025-05-07 09:00:00+00:00,2.0972222222222223,2.5611111111111087,15.460069444444445,-12.898958333333336,-13.362847222222221
2025-05-07 10:00:00+00:00,0.0,0.6990740740740717,15.418634259259262,-14.719560185185191,-15.418634259259262
2025-05-07 11:00:00+00:00,0.5166666666666667,0.8712962962962939,15.429976851851853,-14.55868055555556,-14.913310185185185
2025-05-07 12:00:00+00:00,0.9222222222222223,0.47962962962962735,15.468402777777778,-14.98877314814815,-14.546180555555555
2025-05-07 13:00:00+00:00,0.3611111111111111,0.5999999999999976,15.19537037037037,-14.595370370370372,-14.834259259259259
2025-05-07 14:00:00+00:00,5.727777777777778,2.337037037037035,15.349421296296297,-13.012384259259262,-9.62164351851852
2025-05-07 15:00:00+00:00,0.0,2.029629629629627,15.32337962962963,-13.293750000000003,-15.32337962962963
2025-05-07 16:00:00+00:00,26.261111111111113,10.662962962962961,15.168055555555556,-4.505092592592595,11.093055555555557
2025-05-07 17:00:00+00:00,50.355555555555554,25.538888888888888,15.00787037037037,10.531018518518518,35.347685185185185
2025-05-07 18:00:00+00:00,23.630555555555556,33.41574074074074,14.157986111111112,19.257754629629623,9.472569444444444
2025-05-07 19:00:00+00:00,16.38888888888889,30.125,13.258564814814813,16.86643518518519,3.1303240740740765
2025-05-07 20:00:00+00:00,19.225,19.748148148148147,13.532638888888888,6.2155092592592585,5.692361111111113
2025-05-07 21:00:00+00:00,34.99444444444445,23.536111111111108,13.329629629629629,10.206481481481479,21.664814814814818
2025-05-07 22:00:00+00:00,7.352777777777778,20.524074074074075,12.683680555555554,7.840393518518521,-5.330902777777776
2025-05-07 23:00:00+00:00,7.655555555555556,16.66759259259259,12.725462962962963,3.942129629629628,-5.069907407407407
2025-05-08 00:00:00+00:00,6.811111111111111,7.273148148148145,12.820486111111114,-5.547337962962969,-6.009375000000003
2025-05-08 01:00:00+00:00,16.941666666666666,10.469444444444443,12.87638888888889,-2.4069444444444468,4.065277777777776
2025-05-08 02:00:00+00:00,34.71388888888889,19.488888888888887,13.069675925925926,6.419212962962961,21.64421296296296
2025-05-08 03:00:00+00:00,43.37777777777778,31.677777777777777,13.538657407407406,18.13912037037037,29.839120370370374
2025-05-08 04:00:00+00:00,19.897222222222222,32.662962962962965,13.451736111111112,19.211226851851855,6.44548611111111
2025-05-08 05:00:00+00:00,0.0,21.091666666666665,13.451736111111112,7.639930555555553,-13.451736111111112
2025-05-08 06:00:00+00:00,2.7777777777777777,7.558333333333331,13.566435185185185,-6.008101851851854,-10.788657407407406
2025-05-08 07:00:00+00:00,29.619444444444444,10.79907407407407,14.567824074074073,-3.7687500000000025,15.05162037037037
2025-05-08 08:00:00+00:00,1.836111111111111,11.41111111111111,14.644328703703705,-3.2332175925925952,-12.808217592592595
2025-05-08 09:00:00+00:00,1.4388888888888889,10.964814814814813,14.616898148148147,-3.6520833333333336,-13.178009259259259
2025-05-08 10:00:00+00:00,0.044444444444444446,1.106481481481479,14.618749999999999,-13.51226851851852,-14.574305555555554
2025-05-08 11:00:00+00:00,2.2444444444444445,1.2425925925925903,14.690740740740742,-13.448148148148151,-12.446296296296296
2025-05-08 12:00:00+00:00,0.24722222222222223,0.845370370370368,14.66261574074074,-13.817245370370372,-14.415393518518519
2025-05-08 13:00:00+00:00,1.1805555555555556,1.2240740740740719,14.69675925925926,-13.472685185185188,-13.516203703703704
2025-05-08 14:00:00+00:00,1.4,0.9425925925925901,14.516435185185186,-13.573842592592596,-13.116435185185185
2025-05-08 15:00:00+00:00,1.3111111111111111,1.2972222222222198,14.571064814814813,-13.273842592592594,-13.259953703703701
2025-05-08 16:00:00+00:00,36.611111111111114,13.107407407407406,15.002314814814815,-1.894907407407409,21.608796296296298
2025-05-08 17:00:00+00:00,36.763888888888886,24.89537037037037,14.435995370370371,10.459374999999998,22.327893518518515
2025-05-08 18:00:00+00:00,43.83611111111111,39.07037037037036,15.277893518518518,23.792476851851845,28.55821759259259
2025-05-08 19:00:00+00:00,51.66111111111111,44.08703703703704,16.747569444444448,27.339467592592595,34.91354166666666
2025-05-08 20:00:00+00:00,7.436111111111111,34.31111111111111,16.25636574074074,18.05474537037037,-8.82025462962963
2025-05-08 21:00:00+00:00,38.647222222222226,32.58148148148148,16.408564814814813,16.17291666666667,22.238657407407413
2025-05-08 22:00:00+00:00,2.775,16.286111111111108,16.217824074074073,0.06828703703703454,-13.442824074074073
2025-05-08 23:00:00+00:00,19.116666666666667,20.179629629629627,16.69537037037037,3.4842592592592574,2.4212962962962976
2025-05-09 00:00:00+00:00,0.85,7.580555555555553,16.44699074074074,-8.866435185185189,-15.596990740740742
2025-05-09 01:00:00+00:00,8.416666666666666,9.461111111111109,16.091782407407408,-6.630671296296299,-7.6751157407407415
2025-05-09 02:00:00+00:00,29.675,12.980555555555554,15.881828703703704,-2.9012731481481495,13.793171296296297
2025-05-09 03:00:00+00:00,34.58611111111111,24.225925925925925,15.51550925925926,8.710416666666665,19.070601851851848
2025-05-09 04:00:00+00:00,17.630555555555556,27.29722222222222,15.421064814814814,11.876157407407407,2.2094907407407423
2025-05-09 05:00:00+00:00,0.0,17.40555555555555,15.421064814814814,1.9844907407407373,-15.421064814814814
2025-05-09 06:00:00+00:00,0.5361111111111111,6.055555555555554,15.327662037037037,-9.272106481481483,-14.791550925925925
2025-05-09 07:00:00+00:00,0.9222222222222223,0.4861111111111088,14.131944444444443,-13.645833333333334,-13.20972222222222
2025-05-09 08:00:00+00:00,0.0,0.4861111111111088,14.055439814814813,-13.569328703703704,-14.055439814814813
2025-05-09 09:00:00+00:00,3.95,1.6240740740740718,14.160069444444444,-12.535995370370372,-10.210069444444443
2025-05-09 10:00:00+00:00,0.0,1.3166666666666644,14.158217592592592,-12.841550925925928,-14.158217592592592
2025-05-09 11:00:00+00:00,0.28888888888888886,1.4129629629629605,14.07673611111111,-12.663773148148149,-13.78784722222222
2025-05-09 12:00:00+00:00,0.0,0.09629629629629392,14.066435185185185,-13.97013888888889,-14.066435185185185
2025-05-09 13:00:00+00:00,0.8055555555555556,0.3648148148148125,14.050810185185185,-13.685995370370373,-13.24525462962963
2025-05-09 14:00:00+00:00,0.4111111111111111,0.4055555555555532,14.009606481481482,-13.604050925925929,-13.59849537037037
2025-05-09 15:00:00+00:00,0.1,0.4388888888888865,13.959143518518518,-13.520254629629632,-13.859143518518518
2025-05-09 16:00:00+00:00,22.233333333333334,7.58148148148148,13.360069444444443,-5.7785879629629635,8.873263888888891
2025-05-09 17:00:00+00:00,49.38055555555555,23.904629629629625,13.885763888888889,10.018865740740736,35.494791666666664
2025-05-09 18:00:00+00:00,21.02777777777778,30.880555555555556,12.935416666666669,17.945138888888888,8.09236111111111
2025-05-09 19:00:00+00:00,1.8833333333333333,24.097222222222225,10.861342592592592,13.235879629629633,-8.97800925925926
2025-05-09 20:00:00+00:00,15.283333333333333,12.73148148148148,11.188310185185186,1.5431712962962933,4.095023148148147
2025-05-09 21:00:00+00:00,26.908333333333335,14.691666666666665,10.699189814814815,3.9924768518518494,16.20914351851852
2025-05-09 22:00:00+00:00,12.872222222222222,18.354629629629628,11.119907407407409,7.234722222222219,1.752314814814813
2025-05-09 23:00:00+00:00,5.897222222222222,15.225925925925926,10.56909722222222,4.656828703703706,-4.671874999999998
2025-05-10 00:00:00+00:00,4.972222222222222,7.913888888888887,10.740856481481481,-2.8269675925925943,-5.768634259259259
2025-05-10 01:00:00+00:00,9.508333333333333,6.792592592592591,10.786342592592591,-3.9937500000000004,-1.2780092592592585
2025-05-10 02:00:00+00:00,29.177777777777777,14.552777777777777,10.765625,3.787152777777777,18.412152777777777
2025-05-10 03:00:00+00:00,28.352777777777778,22.3462962962963,10.505902777777777,11.840393518518521,17.846875
2025-05-10 04:00:00+00:00,13.141666666666667,23.557407407407407,10.318865740740742,13.238541666666665,2.8228009259259252
2025-05-10 05:00:00+00:00,0.025,13.839814814814813,10.319907407407408,3.5199074074074055,-10.294907407407408
2025-05-10 06:00:00+00:00,2.7444444444444445,5.303703703703703,10.411921296296297,-5.108217592592594,-7.667476851851853
2025-05-10 07:00:00+00:00,0.0,0.9231481481481469,10.373495370370371,-9.450347222222224,-10.373495370370371
2025-05-10 08:00:00+00:00,2.588888888888889,1.7777777777777768,10.48136574074074,-8.703587962962963,-7.8924768518518515
2025-05-10 09:00:00+00:00,2.658333333333333,1.7490740740740727,10.427546296296297,-8.678472222222224,-7.769212962962964
2025-05-10 10:00:00+00:00,0.3861111111111111,1.8777777777777767,10.44363425925926,-8.565856481481484,-10.05752314814815
2025-05-10 11:00:00+00:00,0.005555555555555556,1.0166666666666655,10.431828703703705,-9.415162037037039,-10.426273148148148
2025-05-10 12:00:00+00:00,0.06944444444444445,0.15370370370370254,10.434722222222222,-10.28101851851852,-10.365277777777777
2025-05-10 13:00:00+00:00,0.041666666666666664,0.0388888888888877,10.40289351851852,-10.364004629629632,-10.361226851851853
2025-05-10 14:00:00+00:00,3.191666666666667,1.1009259259259248,10.51875,-9.417824074074076,-7.327083333333334
2025-05-10 15:00:00+00:00,0.0,1.0777777777777766,10.514583333333334,-9.436805555555559,-10.514583333333334
2025-05-10 16:00:00+00:00,30.677777777777777,11.289814814814813,10.866435185185184,0.42337962962962905,19.811342592592595
2025-05-10 17:00:00+00:00,47.24444444444445,25.97407407407407,10.777430555555554,15.196643518518517,36.46701388888889
2025-05-10 18:00:00+00:00,19.825,32.58240740740741,10.727314814814816,21.85509259259259,9.097685185185183
2025-05-10 19:00:00+00:00,5.458333333333333,24.175925925925927,10.87627314814815,13.299652777777778,-5.417939814814816
2025-05-10 20:00:00+00:00,11.28888888888889,12.190740740740742,10.709837962962965,1.4809027777777768,0.5790509259259249
2025-05-10 21:00:00+00:00,16.927777777777777,11.225,10.293981481481481,0.9310185185185187,6.633796296296296
2025-05-10 22:00:00+00:00,24.669444444444444,17.628703703703703,10.785532407407407,6.843171296296296,13.883912037037037
2025-05-10 23:00:00+00:00,4.822222222222222,15.473148148148148,10.74074074074074,4.732407407407408,-5.9185185185185185
2025-05-11 00:00:00+00:00,3.4694444444444446,10.987037037037036,10.678125000000001,0.3089120370370342,-7.208680555555556
2025-05-11 01:00:00+00:00,16.058333333333334,8.116666666666667,10.951041666666669,-2.8343750000000014,5.107291666666665
2025-05-11 02:00:00+00:00,31.58888888888889,17.038888888888888,11.051504629629628,5.98738425925926,20.537384259259262
2025-05-11 03:00:00+00:00,30.02777777777778,25.89166666666667,11.121296296296295,14.770370370370374,18.906481481481485
2025-05-11 04:00:00+00:00,6.694444444444445,22.770370370370372,10.852662037037037,11.917708333333335,-4.158217592592592
2025-05-11 05:00:00+00:00,0.027777777777777776,12.25,10.85277777777778,1.3972222222222204,-10.825000000000001
2025-05-11 06:00:00+00:00,1.1777777777777778,2.6333333333333333,10.7875,-8.154166666666667,-9.609722222222222
2025-05-11 07:00:00+00:00,0.0,0.40185185185185185,10.7875,-10.385648148148148,-10.7875
2025-05-11 08:00:00+00:00,1.9638888888888888,1.0472222222222223,10.761458333333332,-9.71423611111111,-8.797569444444443
2025-05-11 09:00:00+00:00,0.1361111111111111,0.7000000000000001,10.65636574074074,-9.956365740740742,-10.52025462962963
2025-05-11 10:00:00+00:00,1.9722222222222223,1.3574074074074074,10.722453703703705,-9.365046296296297,-8.750231481481482
2025-05-11 11:00:00+00:00,8.386111111111111,3.498148148148148,11.07164351851852,-7.573495370370372,-2.6855324074074094
2025-05-11 12:00:00+00:00,0.011111111111111112,3.456481481481482,11.069212962962963,-7.612731481481481,-11.058101851851852
2025-05-11 13:00:00+00:00,0.5138888888888888,2.9703703703703703,11.088888888888889,-8.118518518518519,-10.575
2025-05-11 14:00:00+00:00,0.0,0.17499999999999996,10.955902777777778,-10.780902777777778,-10.955902777777778
2025-05-11 15:00:00+00:00,0.6055555555555555,0.3731481481481482,10.981134259259258,-10.60798611111111,-10.375578703703702
2025-05-11 16:00:00+00:00,34.13055555555555,11.578703703703702,11.125,0.4537037037037024,23.005555555555553
2025-05-11 17:00:00+00:00,46.397222222222226,27.04444444444444,11.089699074074074,15.954745370370366,35.30752314814815
2025-05-11 18:00:00+00:00,36.575,39.034259259259265,11.78761574074074,27.246643518518525,24.787384259259262
2025-05-11 19:00:00+00:00,26.336111111111112,36.43611111111111,12.657523148148146,23.778587962962966,13.678587962962967
2025-05-11 20:00:00+00:00,40.269444444444446,34.393518518518526,13.865046296296299,20.528472222222227,26.404398148148147
2025-05-11 21:00:00+00:00,44.791666666666664,37.132407407407406,15.026041666666666,22.106365740740742,29.765625
2025-05-11 22:00:00+00:00,16.619444444444444,33.89351851851852,14.690625000000002,19.202893518518515,1.928819444444441
2025-05-11 23:00:00+00:00,10.802777777777777,24.071296296296296,14.939814814814815,9.131481481481481,-4.137037037037038
2025-05-12 00:00:00+00:00,18.61111111111111,15.344444444444447,15.570717592592594,-0.22627314814814703,3.040393518518517
2025-05-12 01:00:00+00:00,16.969444444444445,15.461111111111114,15.608680555555557,-0.14756944444444287,1.3607638888888882
2025-05-12 02:00:00+00:00,20.483333333333334,18.687962962962967,15.145949074074075,3.542013888888892,5.3373842592592595
2025-05-12 03:00:00+00:00,30.166666666666668,22.539814814814818,15.151736111111111,7.388078703703707,15.014930555555557
2025-05-12 04:00:00+00:00,5.052777777777778,18.567592592592597,15.083333333333334,3.4842592592592627,-10.030555555555555
2025-05-12 05:00:00+00:00,1.2166666666666666,12.145370370370372,15.13287037037037,-2.987499999999997,-13.916203703703703
2025-05-12 06:00:00+00:00,0.0,2.0898148148148175,15.083796296296297,-12.99398148148148,-15.083796296296297
2025-05-12 07:00:00+00:00,1.238888888888889,0.818518518518521,15.135416666666666,-14.316898148148145,-13.896527777777777
2025-05-12 08:00:00+00:00,0.0,0.41296296296296536,15.053587962962963,-14.640624999999998,-15.053587962962963
2025-05-12 09:00:00+00:00,2.6305555555555555,1.2898148148148172,15.15752314814815,-13.867708333333333,-12.526967592592595
2025-05-12 10:00:00+00:00,0.0,0.8768518518518542,15.075347222222222,-14.198495370370367,-15.075347222222222
2025-05-12 11:00:00+00:00,0.3416666666666667,0.9907407407407431,14.740162037037036,-13.749421296296294,-14.39849537037037
2025-05-12 12:00:00+00:00,0.0,0.11388888888889126,14.739699074074075,-14.625810185185184,-14.739699074074075
2025-05-12 13:00:00+00:00,0.0,0.11388888888889126,14.718287037037037,-14.604398148148146,-14.718287037037037
2025-05-12 14:00:00+00:00,1.4277777777777778,0.4759259259259283,14.777777777777779,-14.30185185185185,-13.350000000000001
2025-05-12 15:00:00+00:00,0.03611111111111111,0.4879629629629654,14.754050925925926,-14.26608796296296,-14.717939814814814
2025-05-12 16:00:00+00:00,17.38888888888889,6.284259259259262,14.056481481481484,-7.772222222222222,3.3324074074074055
2025-05-12 17:00:00+00:00,20.855555555555554,12.760185185185188,12.992245370370371,-0.23206018518518334,7.863310185185183
2025-05-12 18:00:00+00:00,19.5,19.24814814814815,12.280787037037038,6.967361111111112,7.2192129629629616
2025-05-12 19:00:00+00:00,4.5472222222222225,14.967592592592595,11.372916666666669,3.5946759259259267,-6.825694444444446
2025-05-12 20:00:00+00:00,26.280555555555555,16.77592592592593,10.790046296296296,5.985879629629633,15.490509259259259
2025-05-12 21:00:00+00:00,18.883333333333333,16.570370370370373,9.710532407407408,6.859837962962965,9.172800925925925
2025-05-12 22:00:00+00:00,15.113888888888889,20.092592592592595,9.647800925925926,10.444791666666669,5.466087962962963
2025-05-12 23:00:00+00:00,2.172222222222222,12.056481481481484,9.288194444444445,2.768287037037039,-7.115972222222222
2025-05-13 00:00:00+00:00,6.280555555555556,7.855555555555559,8.774421296296296,-0.9188657407407375,-2.4938657407407403
2025-05-13 01:00:00+00:00,23.461111111111112,10.637962962962966,9.044907407407408,1.5930555555555586,14.416203703703705
2025-05-13 02:00:00+00:00,27.372222222222224,19.03796296296297,9.331944444444444,9.706018518518524,18.04027777777778
2025-05-13 03:00:00+00:00,13.375,21.402777777777782,8.632291666666667,12.770486111111115,4.742708333333333
2025-05-13 04:00:00+00:00,20.002777777777776,20.250000000000004,9.255208333333334,10.99479166666667,10.747569444444443
2025-05-13 05:00:00+00:00,0.0,11.125925925925932,9.20451388888889,1.921412037037042,-9.20451388888889
2025-05-13 06:00:00+00:00,0.75,6.917592592592597,9.23576388888889,-2.318171296296293,-8.48576388888889
2025-05-13 07:00:00+00:00,0.375,0.3750000000000047,9.199768518518518,-8.824768518518512,-8.824768518518518
2025-05-13 08:00:00+00:00,15.916666666666666,5.68055555555556,9.862962962962962,-4.1824074074074025,6.053703703703704
2025-05-13 09:00:00+00:00,1.6,5.963888888888893,9.820023148148147,-3.856134259259254,-8.220023148148147
2025-05-13 10:00:00+00:00,0.0,5.838888888888893,9.820023148148147,-3.981134259259254,-9.820023148148147
2025-05-13 11:00:00+00:00,1.1444444444444444,0.9148148148148195,9.853472222222221,-8.938657407407401,-8.709027777777777
2025-05-13 12:00:00+00:00,1.1,0.7481481481481529,9.899305555555555,-9.151157407407403,-8.799305555555556
2025-05-13 13:00:00+00:00,0.05555555555555555,0.7666666666666714,9.90162037037037,-9.1349537037037,-9.846064814814815
2025-05-13 14:00:00+00:00,0.011111111111111112,0.38888888888889367,9.842592592592592,-9.453703703703699,-9.83148148148148
2025-05-13 15:00:00+00:00,0.6166666666666667,0.22777777777778252,9.866782407407408,-9.639004629629625,-9.25011574074074
2025-05-13 16:00:00+00:00,10.333333333333334,3.653703703703709,9.572800925925927,-5.919097222222218,0.7605324074074069
2025-05-13 17:00:00+00:00,15.722222222222221,8.890740740740746,9.358912037037037,-0.4681712962962905,6.363310185185185
2025-05-13 18:00:00+00:00,11.786111111111111,12.613888888888894,9.0375,3.5763888888888946,2.748611111111112
2025-05-13 19:00:00+00:00,56.348571428571425,27.95230158730159,11.195889550264551,16.756412037037038,45.15268187830687
