Time,PIR2,Avg1,Avg2,Dif
2025-04-25 13:00:00+00:00,0.011904762,,,
2025-04-25 14:00:00+00:00,11.73611111,,,
2025-04-25 15:00:00+00:00,0.027777778,3.92526455,,
2025-04-25 16:00:00+00:00,6.411111111,6.058333333,,
2025-04-25 17:00:00+00:00,3.952777778,3.463888889,,
2025-04-25 18:00:00+00:00,41.57222222,17.31203704,,
2025-04-25 19:00:00+00:00,23.87743733,23.13414578,,
2025-04-25 20:00:00+00:00,31.875,32.44155318,,
2025-04-25 21:00:00+00:00,9.697222222,21.81655318,,
2025-04-25 22:00:00+00:00,26.83888889,22.8037037,,
2025-04-25 23:00:00+00:00,34.83888889,23.79166667,,
2025-04-26 00:00:00+00:00,4.597222222,22.09166667,,
2025-04-26 01:00:00+00:00,11.54317549,16.99309553,,
2025-04-26 02:00:00+00:00,29.52222222,15.22087331,,
2025-04-26 03:00:00+00:00,41.71944444,27.59494738,,
2025-04-26 04:00:00+00:00,40.95833333,37.4,,
2025-04-26 05:00:00+00:00,1.947222222,28.20833333,,
2025-04-26 06:00:00+00:00,8.705555556,17.2037037,,
2025-04-26 07:00:00+00:00,0,3.550925926,,
2025-04-26 08:00:00+00:00,0,2.901851852,,
2025-04-26 09:00:00+00:00,10.28611111,3.428703704,,
2025-04-26 10:00:00+00:00,0,3.428703704,,
2025-04-26 11:00:00+00:00,8.241666667,6.175925926,,
2025-04-26 12:00:00+00:00,0.375,2.872222222,14.53063731,-11.65841508
2025-04-26 13:00:00+00:00,6.933333333,5.183333333,14.81903016,-9.63569683
2025-04-26 14:00:00+00:00,3.138888889,3.482407407,14.46081257,-10.97840516
2025-04-26 15:00:00+00:00,4.774373259,4.94886516,14.65858738,-9.709722222
2025-04-26 16:00:00+00:00,1.35,3.087754049,14.44770775,-11.3599537
2025-04-26 17:00:00+00:00,23.17222222,9.765531827,15.24851794,-5.482986111
2025-04-26 18:00:00+00:00,51.70833333,25.41018519,15.6708559,9.739329284
2025-04-26 19:00:00+00:00,47.29722222,40.72592593,16.64668027,24.07924565
2025-04-26 20:00:00+00:00,23.71944444,40.90833333,16.30686546,24.60146788
2025-04-26 21:00:00+00:00,15.01944444,28.6787037,16.52862472,12.15007899
2025-04-26 22:00:00+00:00,51.73611111,30.15833333,17.56600898,12.59232436
2025-04-26 23:00:00+00:00,39.60167131,35.45240895,17.76445824,17.68795071
2025-04-27 00:00:00+00:00,12.475,34.60426081,18.09269898,16.51156182
2025-04-27 01:00:00+00:00,13.96388889,22.01352007,18.19356204,3.819958024
2025-04-27 02:00:00+00:00,44.80555556,23.74814815,18.8303676,4.91778055
2025-04-27 03:00:00+00:00,44.13333333,34.30092593,18.9309463,15.36997962
2025-04-27 04:00:00+00:00,22.18888889,37.04259259,18.14888612,18.89370648
2025-04-27 05:00:00+00:00,2.155988858,22.82607036,18.15758473,4.668485634
2025-04-27 06:00:00+00:00,2.213888889,8.852922212,17.88709861,-9.034176403
2025-04-27 07:00:00+00:00,7.9,4.089959249,18.21626528,-14.12630603
2025-04-27 08:00:00+00:00,0.013888889,3.375925926,18.21684399,-14.84091806
2025-04-27 09:00:00+00:00,5.513888889,4.475925926,18.01800139,-13.54207547
2025-04-27 10:00:00+00:00,1.086111111,2.20462963,18.06325602,-15.85862639
2025-04-27 11:00:00+00:00,0.002777778,2.200925926,17.71996899,-15.51904306
2025-04-27 12:00:00+00:00,0.623955432,0.570948107,17.73034213,-17.15939402
2025-04-27 13:00:00+00:00,4.530555556,1.719096255,17.63022639,-15.91113013
2025-04-27 14:00:00+00:00,0.041666667,1.732059218,17.50117546,-15.76911624
2025-04-27 15:00:00+00:00,0.655555556,1.742592593,17.32955806,-15.58696546
2025-04-27 16:00:00+00:00,7.344444444,2.680555556,17.57932658,-14.89877102
2025-04-27 17:00:00+00:00,44.39444444,17.46481481,18.46358584,-0.99877102
2025-04-27 18:00:00+00:00,14.21666667,21.98518519,16.90143306,5.083752128
2025-04-27 19:00:00+00:00,34.86350975,31.15820695,16.3833617,14.77484525
2025-04-27 20:00:00+00:00,40.11666667,29.73228103,17.0665793,12.66570173
2025-04-27 21:00:00+00:00,26.35555556,33.77857732,17.53891726,16.23966006
2025-04-27 22:00:00+00:00,2.905555556,23.12592593,15.50431078,7.621615148
2025-04-27 23:00:00+00:00,40.66944444,23.31018519,15.54880133,7.761383859
2025-04-28 00:00:00+00:00,14.91111111,19.49537037,15.65030596,3.845064415
2025-04-28 01:00:00+00:00,51.49860724,35.69305427,17.21425255,18.47880171
2025-04-28 02:00:00+00:00,20.12222222,28.84398019,16.18578033,12.65819986
2025-04-28 03:00:00+00:00,34.63611111,35.41898019,15.79006274,19.62891745
2025-04-28 04:00:00+00:00,14.86111111,23.20648148,15.48473866,7.721742817
2025-04-28 05:00:00+00:00,8.180555556,19.22592593,15.73576228,3.490163649
2025-04-28 06:00:00+00:00,0.905555556,7.982407407,15.68124839,-7.698840981
2025-04-28 07:00:00+00:00,0.027777778,3.037962963,15.35323913,-12.31527617
2025-04-28 08:00:00+00:00,2.291666667,1.075,15.44814654,-14.37314654
2025-04-28 09:00:00+00:00,0,0.773148148,15.21840117,-14.44525302
2025-04-28 10:00:00+00:00,9.447222222,3.912962963,15.5667808,-11.65381783
2025-04-28 11:00:00+00:00,0.022222222,3.156481481,15.56759098,-12.4111095
2025-04-28 12:00:00+00:00,2.680555556,4.05,15.65328265,-11.60328265
2025-04-28 13:00:00+00:00,0.022222222,0.908333333,15.46543543,-14.5571021
2025-04-28 14:00:00+00:00,5.727777778,2.810185185,15.70235673,-12.89217154
2025-04-28 15:00:00+00:00,0.830555556,2.193518519,15.70964839,-13.51612987
2025-04-28 16:00:00+00:00,14.94150418,7.166612504,16.02619255,-8.859580045
2025-04-28 17:00:00+00:00,47.475,21.08235324,16.15454903,4.927804214
2025-04-28 18:00:00+00:00,31.17777778,31.19809399,16.86126199,14.33683199
2025-04-28 19:00:00+00:00,14.37777778,31.01018519,16.00768983,15.00249536
2025-04-28 20:00:00+00:00,43.44166667,29.66574074,16.14623149,13.51950925
2025-04-28 21:00:00+00:00,44.025,33.94814815,16.88245835,17.0656898
2025-04-28 22:00:00+00:00,25.69444444,37.72037037,17.83199538,19.88837499
2025-04-28 23:00:00+00:00,12.57103064,27.43015836,16.66122814,10.76893022
2025-04-29 00:00:00+00:00,13.09722222,17.1208991,16.58564944,0.535249665
2025-04-29 01:00:00+00:00,29.675,18.44775095,15.67633247,2.771418485
2025-04-29 02:00:00+00:00,35.09722222,25.95648148,16.3002908,9.656190679
2025-04-29 03:00:00+00:00,36.89166667,33.88796296,16.39427228,17.49369068
2025-04-29 04:00:00+00:00,11.34444444,27.77777778,16.24774451,11.53003327
2025-04-29 05:00:00+00:00,6.328690808,18.18826731,16.17058348,2.017683831
2025-04-29 06:00:00+00:00,0,5.891045084,16.13285199,-10.24180691
2025-04-29 07:00:00+00:00,2.766666667,3.031785825,16.24697236,-13.21518654
2025-04-29 08:00:00+00:00,0,0.922222222,16.15148625,-15.22926403
2025-04-29 09:00:00+00:00,3.375,2.047222222,16.29211125,-14.24488903
2025-04-29 10:00:00+00:00,0,1.125,15.89847699,-14.77347699
2025-04-29 11:00:00+00:00,0.338888889,1.237962963,15.91167144,-14.67370848
2025-04-29 12:00:00+00:00,7.557103064,2.631997318,16.11486092,-13.4828636
2025-04-29 13:00:00+00:00,0,2.631997318,16.11393499,-13.48193767
2025-04-29 14:00:00+00:00,0.813888889,2.790330651,15.90918962,-13.11885897
2025-04-29 15:00:00+00:00,8.886111111,3.233333333,16.24483777,-13.01150444
2025-04-29 16:00:00+00:00,21.79722222,10.49907407,16.53049269,-6.031418614
2025-04-29 17:00:00+00:00,48.62777778,26.43703704,16.5785251,9.858511942
2025-04-29 18:00:00+00:00,45.74444444,38.72314815,17.18546954,21.53767861
2025-04-29 19:00:00+00:00,37.94707521,44.10643248,18.1675236,25.93890888
2025-04-29 20:00:00+00:00,41.41944444,41.7036547,18.08326434,23.62039036
2025-04-29 21:00:00+00:00,39.07222222,39.47958063,17.8768986,21.60268203
2025-04-29 22:00:00+00:00,0.125,26.87222222,16.81150508,10.06071714
2025-04-29 23:00:00+00:00,20.44166667,19.87962963,17.13944825,2.740181381
2025-04-30 00:00:00+00:00,7.161111111,9.242592593,16.89211029,-7.649517693
2025-04-30 01:00:00+00:00,18.32033426,15.30770401,16.41899921,-1.1112952
2025-04-30 02:00:00+00:00,44.65833333,23.37992624,16.81737884,6.562547392
2025-04-30 03:00:00+00:00,17.4,26.7928892,16.00522607,10.78766313
2025-04-30 04:00:00+00:00,18.83055556,26.96296296,16.31714736,10.6458156
2025-04-30 05:00:00+00:00,0,12.07685185,16.05345191,-3.976600059
2025-04-30 06:00:00+00:00,4.777777778,7.869444444,16.25252599,-8.383081541
2025-04-30 07:00:00+00:00,2.227777778,2.335185185,16.23007228,-13.8948871
2025-04-30 08:00:00+00:00,0.008356546,2.337970701,16.23042047,-13.89244977
2025-04-30 09:00:00+00:00,2.661111111,1.632415145,16.2006751,-14.56825996
2025-04-30 10:00:00+00:00,0.419444444,1.029637367,16.21815195,-15.18851459
2025-04-30 11:00:00+00:00,3.066666667,2.049074074,16.33180936,-14.28273529
2025-04-30 12:00:00+00:00,0,1.162037037,16.01693007,-14.85489303
2025-04-30 13:00:00+00:00,12.99444444,5.353703704,16.55836525,-11.20466155
2025-04-30 14:00:00+00:00,0.236111111,4.410185185,16.53429118,-12.12410599
2025-04-30 15:00:00+00:00,1.256267409,4.828940988,16.21638102,-11.38744003
2025-04-30 16:00:00+00:00,27.60277778,9.698385433,16.45827917,-6.759893738
2025-04-30 17:00:00+00:00,44.91388889,24.59097803,16.3035338,8.287444225
2025-04-30 18:00:00+00:00,39.28611111,37.26759259,16.03443658,21.23315601
2025-04-30 19:00:00+00:00,41.62777778,41.94259259,16.18779918,25.75479341
2025-04-30 20:00:00+00:00,47.25555556,42.72314815,16.43097048,26.29217767
2025-04-30 21:00:00+00:00,16.00277778,34.96203704,15.46974363,19.49229341
2025-04-30 22:00:00+00:00,11.69637883,24.98490405,15.95188441,9.03301964
2025-04-30 23:00:00+00:00,20.35555556,16.01823739,15.94829645,0.069940937
2025-05-01 00:00:00+00:00,21.45833333,17.83675591,16.54401404,1.292741863
2025-05-01 01:00:00+00:00,22.56111111,21.45833333,16.72071308,4.737620254
2025-05-01 02:00:00+00:00,28.68888889,24.23611111,16.05531956,8.180791551
2025-05-01 03:00:00+00:00,23.68888889,24.97962963,16.3173566,8.662273032
2025-05-01 04:00:00+00:00,18.80222841,23.72666873,16.3161763,7.41049243
2025-05-01 05:00:00+00:00,0.113888889,14.20166873,16.32092167,-2.11925294
2025-05-01 06:00:00+00:00,6.338888889,8.418335397,16.38596797,-7.96763257
2025-05-01 07:00:00+00:00,1.2,2.550925926,16.34314389,-13.79221797
2025-05-01 08:00:00+00:00,0.422222222,2.653703704,16.3603883,-13.70668459
2025-05-01 09:00:00+00:00,0,0.540740741,16.24950867,-15.70876793
2025-05-01 10:00:00+00:00,6.791666667,2.40462963,16.51501793,-14.1103883
2025-05-01 11:00:00+00:00,1.835654596,2.875773754,16.46372576,-13.587952
2025-05-01 12:00:00+00:00,0.1,2.909107088,16.46789242,-13.55878533
2025-05-01 13:00:00+00:00,2.013888889,1.316514495,16.01036927,-14.69385478
2025-05-01 14:00:00+00:00,0,0.70462963,16.00053131,-15.29590168
2025-05-01 15:00:00+00:00,2.022222222,1.34537037,16.0324461,-14.68707572
2025-05-01 16:00:00+00:00,40.91944444,14.31388889,16.58730721,-2.273418317
2025-05-01 17:00:00+00:00,52.45682451,31.79949706,16.90159619,14.89790087
2025-05-01 18:00:00+00:00,46.64444444,46.67357113,17.20819341,29.46537772
2025-05-01 19:00:00+00:00,29.86388889,42.98838595,16.71803138,26.27035457
2025-05-01 20:00:00+00:00,23.59444444,33.36759259,15.73215175,17.63544085
2025-05-01 21:00:00+00:00,7.413888889,20.29074074,15.37428138,4.916459365
2025-05-01 22:00:00+00:00,33.81666667,21.60833333,16.29596004,5.312373298
2025-05-01 23:00:00+00:00,0.038888889,13.75648148,15.44943226,-1.692950776
2025-05-02 00:00:00+00:00,7.559888579,13.80514804,14.87033039,-1.065182348
2025-05-02 01:00:00+00:00,20.80833333,9.469036934,14.79729799,-5.328261052
2025-05-02 02:00:00+00:00,32.95833333,20.44218508,14.9751915,5.466993578
2025-05-02 03:00:00+00:00,36.02222222,29.92962963,15.48908039,14.44054924
2025-05-02 04:00:00+00:00,10.81111111,26.59722222,15.15611717,11.44110505
2025-05-02 05:00:00+00:00,3.819444444,16.88425926,15.31051532,1.573743939
2025-05-02 06:00:00+00:00,0.019498607,4.883351388,15.04720739,-10.163856
2025-05-02 07:00:00+00:00,8.330555556,4.056499536,15.34431387,-11.28781434
2025-05-02 08:00:00+00:00,3.672222222,4.007425462,15.47973054,-11.47230508
2025-05-02 09:00:00+00:00,0.027777778,4.010185185,15.48088795,-11.47070276
2025-05-02 10:00:00+00:00,0.597222222,1.432407407,15.2227861,-13.79037869
2025-05-02 11:00:00+00:00,0.227777778,0.284259259,15.15579123,-14.87153197
2025-05-02 12:00:00+00:00,0.366666667,0.397222222,15.16690234,-14.76968012
2025-05-02 13:00:00+00:00,0.77994429,0.458129578,15.11548798,-14.6573584
2025-05-02 14:00:00+00:00,0.022222222,0.38961106,15.11641391,-14.72680285
2025-05-02 15:00:00+00:00,0.797222222,0.533129578,15.06537224,-14.53224266
2025-05-02 16:00:00+00:00,48.51388889,16.44444444,15.38180743,1.062637019
2025-05-02 17:00:00+00:00,51.13888889,33.48333333,15.32689344,18.15643989
2025-05-02 18:00:00+00:00,42.13611111,47.26296296,15.13904622,32.12391674
2025-05-02 19:00:00+00:00,34.40833333,42.56111111,15.32839807,27.23271304
2025-05-02 20:00:00+00:00,6.133704735,27.55938306,14.60086725,12.95851581
2025-05-02 21:00:00+00:00,26.1,22.21401269,15.37945521,6.834557477
2025-05-02 22:00:00+00:00,25.825,19.35290158,15.0464691,4.306432477
2025-05-02 23:00:00+00:00,28.48055556,26.80185185,16.23153855,10.57031331
2025-05-03 00:00:00+00:00,13.51111111,22.60555556,16.47950615,6.126049404
2025-05-03 01:00:00+00:00,23.15833333,21.71666667,16.57742282,5.139243849
2025-05-03 02:00:00+00:00,33.65277778,23.44074074,16.606358,6.834382738
2025-05-03 03:00:00+00:00,34.84401114,30.55170742,16.55726587,13.99444154
2025-05-03 04:00:00+00:00,5.777777778,24.7581889,16.34754365,8.410645247
2025-05-03 05:00:00+00:00,0.497222222,13.70633705,16.20911773,-2.502780679
2025-05-03 06:00:00+00:00,4.166666667,3.480555556,16.3819164,-12.90136084
2025-05-03 07:00:00+00:00,0.55,1.737962963,16.05772658,-14.31976362
2025-05-03 08:00:00+00:00,0.022222222,1.57962963,15.90564325,-14.32601362
2025-05-03 09:00:00+00:00,2.911111111,1.161111111,16.02578214,-14.86467103
2025-05-03 10:00:00+00:00,3.448467967,2.1272671,16.14458404,-14.01731694
2025-05-03 11:00:00+00:00,0.075,2.144859693,16.1382183,-13.99335861
2025-05-03 12:00:00+00:00,0.022222222,1.18189673,16.12386645,-14.94196972
2025-05-03 13:00:00+00:00,2.780555556,0.959259259,16.20722525,-15.24796599
2025-05-03 14:00:00+00:00,0.466666667,1.089814815,16.22574377,-15.13592896
2025-05-03 15:00:00+00:00,1.961111111,1.736111111,16.27423914,-14.53812803
2025-05-03 16:00:00+00:00,48.39444444,16.94074074,16.26926229,0.671478451
2025-05-03 17:00:00+00:00,59.21169916,36.52241824,16.60562938,19.91678886
2025-05-03 18:00:00+00:00,59.71111111,55.77241824,17.33792105,38.43449719
2025-05-03 19:00:00+00:00,53.45,57.45760343,18.13132383,39.3262796
2025-05-03 20:00:00+00:00,35.81944444,49.66018519,19.36822965,30.29195553
2025-05-03 21:00:00+00:00,0.194444444,29.8212963,18.2888315,11.53246479
2025-05-03 22:00:00+00:00,29.92222222,21.9787037,18.45954909,3.519154609
2025-05-03 23:00:00+00:00,2.194444444,10.77037037,17.36429447,-6.593924095
2025-05-04 00:00:00+00:00,17.5264624,16.54770969,17.53160077,-0.983891081
2025-05-04 01:00:00+00:00,14.37222222,11.36437635,17.16551281,-5.801136452
2025-05-04 02:00:00+00:00,44.83611111,25.57826524,17.63148503,7.946780215
2025-05-04 03:00:00+00:00,37.29722222,32.16851852,17.73370216,14.43481636
2025-05-04 04:00:00+00:00,11.47222222,31.20185185,17.97097067,13.23088118
2025-05-04 05:00:00+00:00,10.19722222,19.65555556,18.37513734,1.280418214
2025-05-04 06:00:00+00:00,0,7.223148148,18.20152623,-10.97837808
2025-05-04 07:00:00+00:00,0,3.399074074,18.17860956,-14.77953549
2025-05-04 08:00:00+00:00,4.441666667,1.480555556,18.36275308,-16.88219753
2025-05-04 09:00:00+00:00,4.794444444,3.078703704,18.4412253,-15.3625216
2025-05-04 10:00:00+00:00,8.106741573,5.780950895,18.63532004,-12.85436914
2025-05-04 11:00:00+00:00,0,4.300395339,18.63219504,-14.3317997
2025-05-04 12:00:00+00:00,1.497222222,3.201321265,18.69365337,-15.49233211
2025-05-04 13:00:00+00:00,0,0.499074074,18.57779689,-18.07872282
2025-05-04 14:00:00+00:00,2.377777778,1.291666667,18.65742652,-17.36575985
2025-05-04 15:00:00+00:00,1.311111111,1.22962963,18.63034319,-17.40071356
2025-05-04 16:00:00+00:00,43.15555556,15.61481481,18.41205615,-2.797241334
2025-05-04 17:00:00+00:00,50.70277778,31.72314815,18.05751776,13.66563039
2025-05-04 18:00:00+00:00,56.85277778,50.23703704,17.93842054,32.2986165
2025-05-04 19:00:00+00:00,26.27222222,44.60925926,16.80601313,27.80324613
2025-05-04 20:00:00+00:00,28.48611111,37.2037037,16.50045757,20.70324613
2025-05-04 21:00:00+00:00,43.36211699,32.70681677,18.2991106,14.40770618
2025-05-04 22:00:00+00:00,2.769444444,24.87255752,17.16774485,7.704812661
2025-05-04 23:00:00+00:00,9.341666667,18.49107603,17.46554578,1.025530254
2025-05-05 00:00:00+00:00,16.68055556,9.597222222,17.43029966,-7.83307744
2025-05-05 01:00:00+00:00,14.86666667,13.62962963,17.45090151,-3.821271885
2025-05-05 02:00:00+00:00,37.65277778,23.06666667,17.15159596,5.915070708
2025-05-05 03:00:00+00:00,35.23119777,29.25021407,17.06551161,12.18470247
2025-05-05 04:00:00+00:00,11.96388889,28.28262148,17.08599772,11.19662376
2025-05-05 05:00:00+00:00,0.227777778,15.80762148,16.6706042,-0.86298272
2025-05-05 06:00:00+00:00,8.544444444,6.912037037,17.02662272,-10.11458568
2025-05-05 07:00:00+00:00,25.39465875,11.38896033,18.0847335,-6.695773174
2025-05-05 08:00:00+00:00,2.641666667,12.19358995,18.0097335,-5.816143544
2025-05-05 09:00:00+00:00,3.922222222,10.65284921,17.97339091,-7.320541692
2025-05-05 10:00:00+00:00,0,2.187962963,17.63561001,-15.44764704
2025-05-05 11:00:00+00:00,1.541666667,1.821296296,17.69984612,-15.87854982
2025-05-05 12:00:00+00:00,0,0.513888889,17.63746186,-17.12357297
2025-05-05 13:00:00+00:00,2.166666667,1.236111111,17.72773964,-16.49162853
2025-05-05 14:00:00+00:00,0.919444444,1.028703704,17.66697575,-16.63827204
2025-05-05 15:00:00+00:00,0.880555556,1.322222222,17.64903593,-16.32681371
2025-05-05 16:00:00+00:00,30.70277778,10.83425926,17.13017019,-6.295910934
2025-05-05 17:00:00+00:00,20.36490251,17.31607861,15.86609206,1.449986557
2025-05-05 18:00:00+00:00,21.03611111,24.03459713,14.37373095,9.660866187
2025-05-05 19:00:00+00:00,50.94444444,30.78181935,15.4017402,15.38007915
2025-05-05 20:00:00+00:00,51.62777778,41.20277778,16.36597632,24.83680146
2025-05-05 21:00:00+00:00,28.10277778,43.55833333,15.73017052,27.82816282
2025-05-05 22:00:00+00:00,0.038888889,26.58981481,15.61639737,10.97341745
2025-05-05 23:00:00+00:00,16.84166667,14.99444444,15.92889737,-0.934452923
2025-05-06 00:00:00+00:00,5.908077994,7.596211183,15.48004414,-7.883832952
2025-05-06 01:00:00+00:00,9.030555556,10.59343341,15.23687284,-4.643439434
2025-05-06 02:00:00+00:00,35.31111111,16.74991489,15.13930339,1.610611492
2025-05-06 03:00:00+00:00,36.76388889,27.03518519,15.20316552,11.83201966
2025-05-06 04:00:00+00:00,8.138888889,26.73796296,15.04379052,11.69417244
2025-05-06 05:00:00+00:00,2.555555556,15.81944444,15.14078127,0.678663179
2025-05-06 06:00:00+00:00,9.572222222,6.755555556,15.18360534,-8.428049784
2025-05-06 07:00:00+00:00,0,4.042592593,14.12549456,-10.08290197
2025-05-06 08:00:00+00:00,1.836111111,3.802777778,14.09192974,-10.28915197
2025-05-06 09:00:00+00:00,0,0.612037037,13.92850382,-13.31646678
2025-05-06 10:00:00+00:00,0.994444444,0.943518519,13.969939,-13.02642048
2025-05-06 11:00:00+00:00,0.244444444,0.412962963,13.91588808,-13.50292511
2025-05-06 12:00:00+00:00,0,0.412962963,13.91588808,-13.50292511
2025-05-06 13:00:00+00:00,6.913888889,2.386111111,14.113689,-11.72757789
2025-05-06 14:00:00+00:00,2.036211699,2.983366863,14.16022097,-11.17685411
2025-05-06 15:00:00+00:00,0.625,3.191700196,14.14957282,-10.95787263
2025-05-06 16:00:00+00:00,29.98888889,10.88336686,14.11982745,-3.23646059
2025-05-06 17:00:00+00:00,54.2,28.2712963,15.52962318,12.74167311
2025-05-06 18:00:00+00:00,44.02777778,42.73888889,16.48760929,26.2512796
2025-05-06 19:00:00+00:00,37.975,45.40092593,15.94721577,29.45371015
2025-05-06 20:00:00+00:00,12.64722222,31.55,14.32302596,17.22697404
2025-05-06 21:00:00+00:00,39.97771588,30.19997937,14.81781505,15.38216432
2025-05-06 22:00:00+00:00,22.85555556,25.16016455,15.76850949,9.39165506
2025-05-06 23:00:00+00:00,6.652777778,23.1620164,15.34397245,7.818043949
2025-05-07 00:00:00+00:00,4.530555556,11.3462963,15.28657569,-3.94027939
2025-05-07 01:00:00+00:00,15.6,8.927777778,15.56030254,-6.63252476
2025-05-07 02:00:00+00:00,30.075,16.73518519,15.34213124,1.393053944
2025-05-07 03:00:00+00:00,32.12222222,25.93240741,15.14872846,10.78367894
2025-05-07 04:00:00+00:00,22.04456825,28.08059682,15.72813177,12.35246505
2025-05-07 05:00:00+00:00,0,18.05559682,15.62165029,2.433946534
2025-05-07 06:00:00+00:00,0.025,7.356522748,15.22384936,-7.867326615
2025-05-07 07:00:00+00:00,5.586111111,1.87037037,15.45660399,-13.58623362
2025-05-07 08:00:00+00:00,0,1.87037037,15.38009936,-13.50972899
2025-05-07 09:00:00+00:00,2.097222222,2.561111111,15.46748362,-12.90637251
2025-05-07 10:00:00+00:00,0,0.699074074,15.42604844,-14.72697436
2025-05-07 11:00:00+00:00,0.51810585,0.871776024,15.437451,-14.56567497
2025-05-07 12:00:00+00:00,0.922222222,0.480109357,15.47587692,-14.99576756
2025-05-07 13:00:00+00:00,0.361111111,0.600479728,15.20284451,-14.60236479
2025-05-07 14:00:00+00:00,5.727777778,2.337037037,15.35665977,-13.01962273
2025-05-07 15:00:00+00:00,0,2.02962963,15.3306181,-13.30098847
2025-05-07 16:00:00+00:00,26.26111111,10.66296296,15.17529403,-4.512331064
2025-05-07 17:00:00+00:00,50.49582173,25.58564428,15.02095327,10.56469101
2025-05-07 18:00:00+00:00,23.63055556,33.46249613,14.17106901,19.29142713
2025-05-07 19:00:00+00:00,16.38888889,30.17175539,13.27164771,16.90010768
2025-05-07 20:00:00+00:00,19.225,19.74814815,13.54572178,6.202426364
2025-05-07 21:00:00+00:00,34.99444444,23.53611111,13.33808547,10.19802564
2025-05-07 22:00:00+00:00,7.352777778,20.52407407,12.6921364,7.831937674
2025-05-07 23:00:00+00:00,7.655555556,16.66759259,12.73391881,3.933673785
2025-05-08 00:00:00+00:00,6.811111111,7.273148148,12.82894196,-5.555793807
2025-05-08 01:00:00+00:00,16.98885794,10.48517487,12.88681104,-2.401636168
2025-05-08 02:00:00+00:00,34.71388889,19.50461931,13.08009807,6.42452124
2025-05-08 03:00:00+00:00,43.37777778,31.6935082,13.54907955,18.14442865
2025-05-08 04:00:00+00:00,19.89722222,32.66296296,13.4596068,19.20335616
2025-05-08 05:00:00+00:00,0,21.09166667,13.4596068,7.632059863
2025-05-08 06:00:00+00:00,2.777777778,7.558333333,13.57430588,-6.015972545
2025-05-08 07:00:00+00:00,32.11746988,11.63174922,14.67977916,-3.048029941
2025-05-08 08:00:00+00:00,1.846368715,12.24720546,14.75671119,-2.509505732
2025-05-08 09:00:00+00:00,1.438888889,11.80090916,14.72928063,-2.928371473
2025-05-08 10:00:00+00:00,0.044444444,1.109900683,14.73113249,-13.6212318
2025-05-08 11:00:00+00:00,2.244444444,1.242592593,14.80306326,-13.56047067
2025-05-08 12:00:00+00:00,0.247222222,0.84537037,14.77493826,-13.92956789
2025-05-08 13:00:00+00:00,1.180555556,1.224074074,14.80908178,-13.58500771
2025-05-08 14:00:00+00:00,1.4,0.942592593,14.62875771,-13.68616511
2025-05-08 15:00:00+00:00,1.314763231,1.298439596,14.68353951,-13.38509991
2025-05-08 16:00:00+00:00,36.61111111,13.10862478,15.11478951,-2.006164726
2025-05-08 17:00:00+00:00,36.76388889,24.89658774,14.54262564,10.35396211
2025-05-08 18:00:00+00:00,43.83611111,39.07037037,15.38452379,23.68584658
2025-05-08 19:00:00+00:00,51.66111111,44.08703704,16.85419971,27.23283732
2025-05-08 20:00:00+00:00,7.436111111,34.31111111,16.36299601,17.9481151
2025-05-08 21:00:00+00:00,38.64722222,32.58148148,16.51519508,16.0662864
2025-05-08 22:00:00+00:00,2.782729805,16.28868771,16.32477642,-0.036088704
2025-05-08 23:00:00+00:00,19.11666667,20.18220623,16.80232271,3.379883518
2025-05-09 00:00:00+00:00,0.85,7.583132157,16.55394308,-8.970810927
2025-05-09 01:00:00+00:00,8.416666667,9.461111111,16.19676845,-6.735657336
2025-05-09 02:00:00+00:00,29.675,12.98055556,15.98681474,-3.006259188
2025-05-09 03:00:00+00:00,34.58611111,24.22592593,15.6204953,8.605430626
2025-05-09 04:00:00+00:00,17.67966574,27.31359228,15.52809711,11.78549517
2025-05-09 05:00:00+00:00,0,17.42192562,15.52809711,1.893828504
2025-05-09 06:00:00+00:00,0.536111111,6.071925616,15.43469433,-9.362768718
2025-05-09 07:00:00+00:00,0.922222222,0.486111111,14.13489235,-13.64878124
2025-05-09 08:00:00+00:00,0,0.486111111,14.05796032,-13.57184921
2025-05-09 09:00:00+00:00,3.95,1.624074074,14.16258995,-12.53851587
2025-05-09 10:00:00+00:00,0,1.316666667,14.1607381,-12.84407143
2025-05-09 11:00:00+00:00,0.288888889,1.412962963,14.07925662,-12.66629365
2025-05-09 12:00:00+00:00,0,0.096296296,14.06895569,-13.97265939
2025-05-09 13:00:00+00:00,0.805555556,0.364814815,14.05333069,-13.68851587
2025-05-09 14:00:00+00:00,0.411111111,0.405555556,14.01212699,-13.60657143
2025-05-09 15:00:00+00:00,0.1,0.438888889,13.96151185,-13.52262296
2025-05-09 16:00:00+00:00,22.23333333,7.581481481,13.36243778,-5.780956296
2025-05-09 17:00:00+00:00,49.38055556,23.90462963,13.88813222,10.01649741
2025-05-09 18:00:00+00:00,21.02777778,30.88055556,12.937785,17.94277056
2025-05-09 19:00:00+00:00,1.888579387,24.09897091,10.86392951,13.2350414
2025-05-09 20:00:00+00:00,15.28333333,12.73323017,11.1908971,1.542333063
2025-05-09 21:00:00+00:00,26.90833333,14.69341535,10.70177673,3.991638618
2025-05-09 22:00:00+00:00,12.87222222,18.35462963,11.12217225,7.232457379
2025-05-09 23:00:00+00:00,5.897222222,15.22592593,10.57136207,4.654563861
2025-05-10 00:00:00+00:00,4.972222222,7.913888889,10.74312132,-2.829232436
2025-05-10 01:00:00+00:00,9.534818942,6.801421129,10.789711,-3.988289874
2025-05-10 02:00:00+00:00,29.17777778,14.56160631,10.76899341,3.792612904
2025-05-10 03:00:00+00:00,28.35277778,22.35512483,10.50927119,11.84585364
2025-05-10 04:00:00+00:00,13.14166667,23.55740741,10.32018789,13.23721951
2025-05-10 05:00:00+00:00,0.025,13.83981481,10.32122956,3.518585255
2025-05-10 06:00:00+00:00,2.744444444,5.303703704,10.41324345,-5.109539745
2025-05-10 07:00:00+00:00,0,0.923148148,10.37481752,-9.451669375
2025-05-10 08:00:00+00:00,2.596100279,1.780181574,10.48298837,-8.702806794
2025-05-10 09:00:00+00:00,2.658333333,1.751477871,10.42916892,-8.677691053
2025-05-10 10:00:00+00:00,0.386111111,1.880181574,10.44525689,-8.565075312
2025-05-10 11:00:00+00:00,0.005555556,1.016666667,10.43345133,-9.416784664
2025-05-10 12:00:00+00:00,0.069444444,0.153703704,10.43634485,-10.28264115
2025-05-10 13:00:00+00:00,0.041666667,0.038888889,10.40451615,-10.36562726
2025-05-10 14:00:00+00:00,3.191666667,1.100925926,10.52037263,-9.419446701
2025-05-10 15:00:00+00:00,0,1.077777778,10.51620596,-9.438428183
2025-05-10 16:00:00+00:00,30.67777778,11.28981481,10.86805781,0.421757002
2025-05-10 17:00:00+00:00,47.24444444,25.97407407,10.77905318,15.19502089
2025-05-10 18:00:00+00:00,19.825,32.58240741,10.72893744,21.85346997
2025-05-10 19:00:00+00:00,5.458333333,24.17592593,10.87767719,13.29824874
2025-05-10 20:00:00+00:00,11.28888889,12.19074074,10.711242,1.479498736
2025-05-10 21:00:00+00:00,16.92777778,11.225,10.29538552,0.929614477
2025-05-10 22:00:00+00:00,24.66944444,17.6287037,10.78693645,6.841767255
2025-05-10 23:00:00+00:00,4.835654596,15.47762561,10.74270446,4.734921142
2025-05-11 00:00:00+00:00,3.469444444,10.99151449,10.68008872,0.311425771
2025-05-11 01:00:00+00:00,16.05833333,8.121144125,10.95190182,-2.830757699
2025-05-11 02:00:00+00:00,31.58888889,17.03888889,11.05236479,5.986524102
2025-05-11 03:00:00+00:00,30.02777778,25.89166667,11.12215645,14.76951021
2025-05-11 04:00:00+00:00,6.694444444,22.77037037,10.85352219,11.91684818
2025-05-11 05:00:00+00:00,0.027855153,12.25002579,10.85364116,1.396384633
2025-05-11 06:00:00+00:00,1.177777778,2.633359125,10.78836338,-8.155004256
2025-05-11 07:00:00+00:00,0,0.401877644,10.78836338,-10.38648574
2025-05-11 08:00:00+00:00,1.963888889,1.047222222,10.76202124,-9.714799017
2025-05-11 09:00:00+00:00,0.136111111,0.7,10.65692865,-9.956928647
2025-05-11 10:00:00+00:00,1.972222222,1.357407407,10.72301661,-9.365609203
2025-05-11 11:00:00+00:00,8.386111111,3.498148148,11.07220642,-7.574058277
2025-05-11 12:00:00+00:00,0.011142061,3.456491798,11.06977716,-7.613285361
2025-05-11 13:00:00+00:00,0.513888889,2.970380687,11.08945308,-8.119072398
2025-05-11 14:00:00+00:00,0,0.175010317,10.95646697,-10.78145666
2025-05-11 15:00:00+00:00,0.605555556,0.373148148,10.98169846,-10.60855031
2025-05-11 16:00:00+00:00,34.13055556,11.5787037,11.1255642,0.453139508
2025-05-11 17:00:00+00:00,46.39722222,27.04444444,11.09026327,15.95418117
2025-05-11 18:00:00+00:00,36.575,39.03425926,11.78817994,27.24607932
2025-05-11 19:00:00+00:00,26.40947075,36.46056432,12.661144,23.79942033
2025-05-11 20:00:00+00:00,40.26944444,34.41797173,13.86866714,20.54930459
2025-05-11 21:00:00+00:00,44.79166667,37.15686062,15.02966251,22.12719811
2025-05-11 22:00:00+00:00,16.61944444,33.89351852,14.69424585,19.19927267
2025-05-11 23:00:00+00:00,10.80277778,24.0712963,14.94287598,9.128420316
2025-05-12 00:00:00+00:00,18.61111111,15.34444444,15.57377876,-0.229334313
2025-05-12 01:00:00+00:00,17.01671309,15.47686733,15.61371125,-0.136843921
2025-05-12 02:00:00+00:00,20.48333333,18.70371918,15.15097977,3.552739412
2025-05-12 03:00:00+00:00,30.16666667,22.55557103,15.1567668,7.398804227
2025-05-12 04:00:00+00:00,5.052777778,18.56759259,15.08836403,3.479228567
2025-05-12 05:00:00+00:00,1.216666667,12.14537037,15.13789784,-2.992527468
2025-05-12 06:00:00+00:00,0,2.089814815,15.08882376,-12.99900895
2025-05-12 07:00:00+00:00,1.238888889,0.818518519,15.14044413,-14.32192562
2025-05-12 08:00:00+00:00,0,0.412962963,15.05861543,-14.64565247
2025-05-12 09:00:00+00:00,2.630555556,1.289814815,15.16255062,-13.8727358
2025-05-12 10:00:00+00:00,0,0.876851852,15.08037469,-14.20352284
2025-05-12 11:00:00+00:00,0.341666667,0.990740741,14.74518951,-13.75444876
2025-05-12 12:00:00+00:00,0,0.113888889,14.74472525,-14.63083636
2025-05-12 13:00:00+00:00,0,0.113888889,14.72331322,-14.60942433
2025-05-12 14:00:00+00:00,1.427777778,0.475925926,14.78280396,-14.30687803
2025-05-12 15:00:00+00:00,0.036211699,0.487996492,14.7590813,-14.2710848
2025-05-12 16:00:00+00:00,17.38888889,6.284292789,14.06151185,-7.777219063
2025-05-12 17:00:00+00:00,20.85555556,12.76021871,12.99727574,-0.237057026
2025-05-12 18:00:00+00:00,19.5,19.24814815,12.28581741,6.962330741
2025-05-12 19:00:00+00:00,4.547222222,14.96759259,11.37489038,3.592702208
2025-05-12 20:00:00+00:00,26.28055556,16.77592593,10.79202001,5.983905911
2025-05-12 21:00:00+00:00,18.88333333,16.57037037,9.712506126,6.857864245
2025-05-12 22:00:00+00:00,15.15598886,20.10662592,9.651528809,10.45509711
2025-05-12 23:00:00+00:00,2.172222222,12.0705148,9.291922328,2.778592477
2025-05-13 00:00:00+00:00,6.280555556,7.869588879,8.77814918,-0.908560301
2025-05-13 01:00:00+00:00,23.46111111,10.63796296,9.046665764,1.591297199
2025-05-13 02:00:00+00:00,27.37222222,19.03796296,9.333702801,9.704260162
2025-05-13 03:00:00+00:00,13.375,21.40277778,8.634050023,12.76872775
2025-05-13 04:00:00+00:00,20.00277778,20.25,9.25696669,10.99303331
2025-05-13 05:00:00+00:00,0,11.12592593,9.206272245,1.91965368
2025-05-13 06:00:00+00:00,0.75,6.917592593,9.237522245,-2.319929653
2025-05-13 07:00:00+00:00,0.439739414,0.396579805,9.204224351,-8.807644546
2025-05-13 08:00:00+00:00,17.00296736,6.064235591,9.912681324,-3.848445733
2025-05-13 09:00:00+00:00,1.6,6.347568924,9.869741509,-3.522172585
2025-05-13 10:00:00+00:00,0,6.20098912,9.869741509,-3.668752389
2025-05-13 11:00:00+00:00,1.144444444,0.914814815,9.903190583,-8.988375768
2025-05-13 12:00:00+00:00,1.103064067,0.749169504,9.949151586,-9.199982082
2025-05-13 13:00:00+00:00,0.055555556,0.767688022,9.951466401,-9.183778379
2025-05-13 14:00:00+00:00,0.011111111,0.389910245,9.892438623,-9.502528379
2025-05-13 15:00:00+00:00,0.616666667,0.227777778,9.916624247,-9.688846469
2025-05-13 16:00:00+00:00,10.33333333,3.653703704,9.622642765,-5.968939061
2025-05-13 17:00:00+00:00,15.72222222,8.890740741,9.408753876,-0.518013136
2025-05-13 18:00:00+00:00,11.78611111,12.61388889,9.087341839,3.52654705
2025-05-13 19:00:00+00:00,56.67241379,28.06024904,11.25922482,16.80102422