Time,PIR1,PIR2,PIR3,PIR4,PIR5,PIR6,LDR
2025-04-25 13:00:00+00:00,0.008928571428571428,0.011904761904761904,6.023809523809524,1.9404761904761905,0.2619047619047619,0.0,458.2857142857143
2025-04-25 14:00:00+00:00,2.55,11.73611111111111,0.5055555555555555,5.655555555555556,20.419444444444444,5.0,491.6
2025-04-25 15:00:00+00:00,0.06111111111111111,0.027777777777777776,2.7,6.05,0.0,0.0,487.89722222222224
2025-04-25 16:00:00+00:00,6.825,6.411111111111111,3.2,5.3694444444444445,2.941666666666667,18.669444444444444,4.063888888888889
2025-04-25 17:00:00+00:00,2.422222222222222,3.952777777777778,22.77777777777778,39.55555555555556,22.81111111111111,53.47222222222222,0.0
2025-04-25 18:00:00+00:00,23.56388888888889,41.57222222222222,31.3,50.111111111111114,21.52777777777778,62.513888888888886,0.0
2025-04-25 19:00:00+00:00,21.623955431754876,23.87743732590529,9.832869080779945,44.871866295264624,50.59610027855153,56.83844011142061,0.0
2025-04-25 20:00:00+00:00,11.775,31.875,44.897222222222226,0.6944444444444444,16.366666666666667,66.00833333333334,0.0
2025-04-25 21:00:00+00:00,2.975,9.697222222222223,44.55277777777778,44.333333333333336,26.397222222222222,57.22222222222222,0.0
2025-04-25 22:00:00+00:00,22.658333333333335,26.83888888888889,40.141666666666666,8.0,56.09722222222222,72.18611111111112,0.0
2025-04-25 23:00:00+00:00,37.8,34.83888888888889,19.455555555555556,51.05,44.791666666666664,69.18333333333334,0.0
2025-04-26 00:00:00+00:00,25.025,4.597222222222222,18.127777777777776,32.044444444444444,30.08888888888889,71.34166666666667,0.0
2025-04-26 01:00:00+00:00,5.855153203342619,11.54317548746518,26.58217270194986,32.37883008356546,23.95264623955432,61.1142061281337,0.0
2025-04-26 02:00:00+00:00,14.636111111111111,29.522222222222222,29.283333333333335,23.2,7.902777777777778,48.28333333333333,0.0
2025-04-26 03:00:00+00:00,40.611111111111114,41.71944444444444,39.208333333333336,0.20277777777777778,32.38333333333333,25.86111111111111,0.0
2025-04-26 04:00:00+00:00,24.022222222222222,40.958333333333336,45.93333333333333,0.225,18.183333333333334,3.1166666666666667,491.81944444444446
2025-04-26 05:00:00+00:00,4.075,1.9472222222222222,6.072222222222222,37.705555555555556,0.39444444444444443,0.0,493.7861111111111
2025-04-26 06:00:00+00:00,0.0,8.705555555555556,0.0,2.8222222222222224,0.0,0.0,492.85555555555555
2025-04-26 07:00:00+00:00,4.861111111111111,0.0,4.183333333333334,1.2333333333333334,13.3,11.466666666666667,492.24444444444447
2025-04-26 08:00:00+00:00,7.512534818941504,0.0,0.019498607242339833,0.871866295264624,0.036211699164345405,0.0,491.2367688022284
2025-04-26 09:00:00+00:00,0.3055555555555556,10.286111111111111,14.491666666666667,9.975,0.022222222222222223,0.4638888888888889,490.0
2025-04-26 10:00:00+00:00,14.738888888888889,0.0,0.0,10.730555555555556,9.936111111111112,7.513888888888889,488.8
2025-04-26 11:00:00+00:00,0.0,8.241666666666667,3.9,0.0,0.0,0.0,487.93611111111113
2025-04-26 12:00:00+00:00,6.019444444444445,0.375,1.0361111111111112,13.322222222222223,1.613888888888889,5.152777777777778,487.94166666666666
2025-04-26 13:00:00+00:00,5.169444444444444,6.933333333333334,6.7555555555555555,18.88888888888889,5.041666666666667,0.42777777777777776,489.48333333333335
2025-04-26 14:00:00+00:00,1.4,3.138888888888889,8.147222222222222,0.6,1.0083333333333333,0.0,487.0083333333333
2025-04-26 15:00:00+00:00,0.008356545961002786,4.774373259052925,6.73816155988858,13.445682451253482,7.3175487465181055,3.4902506963788302,486.3342618384401
2025-04-26 16:00:00+00:00,6.338888888888889,1.35,8.558333333333334,28.84722222222222,11.73611111111111,30.108333333333334,5.408333333333333
2025-04-26 17:00:00+00:00,5.488888888888889,23.17222222222222,41.96666666666667,52.71944444444444,39.21388888888889,59.291666666666664,0.0
2025-04-26 18:00:00+00:00,15.244444444444444,51.708333333333336,46.09444444444444,58.61388888888889,55.516666666666666,61.83611111111111,0.0
2025-04-26 19:00:00+00:00,10.011111111111111,47.297222222222224,50.78611111111111,60.87777777777778,61.83888888888889,71.37777777777778,0.0
2025-04-26 20:00:00+00:00,10.930555555555555,23.719444444444445,53.43611111111111,60.355555555555554,58.92777777777778,71.18055555555556,0.0
2025-04-26 21:00:00+00:00,25.394444444444446,15.019444444444444,20.333333333333332,68.19444444444444,54.21388888888889,75.56666666666666,0.0
2025-04-26 22:00:00+00:00,24.994444444444444,51.736111111111114,40.42777777777778,64.18333333333334,28.908333333333335,76.83055555555555,0.0
2025-04-26 23:00:00+00:00,11.328690807799443,39.6016713091922,48.760445682451255,36.136490250696376,7.623955431754875,75.37047353760445,0.0
2025-04-27 00:00:00+00:00,20.766666666666666,12.475,12.622222222222222,0.9777777777777777,59.80277777777778,79.0111111111111,0.0
2025-04-27 01:00:00+00:00,2.852777777777778,13.963888888888889,19.394444444444446,1.4777777777777779,46.355555555555554,73.77777777777777,0.0
2025-04-27 02:00:00+00:00,16.408333333333335,44.80555555555556,42.608333333333334,52.53333333333333,59.50833333333333,62.49444444444445,0.0
2025-04-27 03:00:00+00:00,13.691666666666666,44.13333333333333,28.09722222222222,14.441666666666666,28.319444444444443,21.219444444444445,0.0
2025-04-27 04:00:00+00:00,26.258333333333333,22.18888888888889,20.3,0.0,3.102777777777778,0.0,489.825
2025-04-27 05:00:00+00:00,0.06406685236768803,2.1559888579387185,0.06128133704735376,13.415041782729805,0.09749303621169916,2.512534818941504,491.3342618384401
2025-04-27 06:00:00+00:00,0.2833333333333333,2.213888888888889,0.5916666666666667,0.0,6.916666666666667,0.0,490.40277777777777
2025-04-27 07:00:00+00:00,11.991666666666667,7.9,7.9944444444444445,6.194444444444445,0.005555555555555556,10.627777777777778,489.3861111111111
2025-04-27 08:00:00+00:00,2.2,0.013888888888888888,0.013888888888888888,14.394444444444444,10.938888888888888,0.03888888888888889,488.4555555555556
2025-04-27 09:00:00+00:00,10.469444444444445,5.513888888888889,3.2333333333333334,0.0,0.0,0.0,487.0083333333333
2025-04-27 10:00:00+00:00,4.833333333333333,1.086111111111111,0.9694444444444444,6.405555555555556,0.0,2.4166666666666665,486.35555555555555
2025-04-27 11:00:00+00:00,0.013888888888888888,0.002777777777777778,0.15,0.0,5.194444444444445,0.0,485.6388888888889
2025-04-27 12:00:00+00:00,0.013927576601671309,0.6239554317548747,1.350974930362117,7.688022284122563,0.0,2.6963788300835656,485.03899721448465
2025-04-27 13:00:00+00:00,4.9,4.530555555555556,9.158333333333333,0.0,2.036111111111111,0.0,484.1277777777778
2025-04-27 14:00:00+00:00,0.03888888888888889,0.041666666666666664,2.35,14.158333333333333,0.03888888888888889,0.7944444444444444,483.68888888888887
2025-04-27 15:00:00+00:00,12.858333333333333,0.6555555555555556,0.8472222222222222,14.541666666666666,3.6194444444444445,0.4444444444444444,482.6638888888889
2025-04-27 16:00:00+00:00,1.9333333333333333,7.344444444444444,25.983333333333334,39.016666666666666,40.922222222222224,59.825,4.019444444444445
2025-04-27 17:00:00+00:00,18.752777777777776,44.394444444444446,49.99166666666667,62.96388888888889,60.96111111111111,69.15277777777777,0.0
2025-04-27 18:00:00+00:00,28.65277777777778,14.216666666666667,15.936111111111112,59.27777777777778,31.541666666666668,54.49444444444445,0.0
2025-04-27 19:00:00+00:00,13.699164345403899,34.863509749303624,56.98885793871866,66.30640668523677,59.10306406685237,32.389972144846794,0.0
2025-04-27 20:00:00+00:00,21.8,40.11666666666667,44.06388888888889,62.99722222222222,53.71944444444444,70.04722222222222,0.0
2025-04-27 21:00:00+00:00,21.944444444444443,26.355555555555554,11.047222222222222,60.90555555555556,49.15277777777778,59.102777777777774,0.0
2025-04-27 22:00:00+00:00,11.05,2.9055555555555554,50.30833333333333,46.59444444444444,35.580555555555556,60.11388888888889,0.0
2025-04-27 23:00:00+00:00,26.05,40.669444444444444,31.86111111111111,6.708333333333333,5.641666666666667,59.59722222222222,0.0
2025-04-28 00:00:00+00:00,0.8111111111111111,14.911111111111111,4.788888888888889,0.25555555555555554,4.925,23.558333333333334,0.0
2025-04-28 01:00:00+00:00,17.96100278551532,51.49860724233983,40.55710306406685,49.44568245125348,55.23398328690808,0.15041782729805014,0.0
2025-04-28 02:00:00+00:00,31.566666666666666,20.122222222222224,23.444444444444443,37.50833333333333,31.066666666666666,39.519444444444446,0.0
2025-04-28 03:00:00+00:00,6.147222222222222,34.63611111111111,45.605555555555554,8.36111111111111,7.2,28.719444444444445,0.0
2025-04-28 04:00:00+00:00,9.477777777777778,14.86111111111111,20.905555555555555,0.0,0.008333333333333333,0.1527777777777778,485.96666666666664
2025-04-28 05:00:00+00:00,0.0,8.180555555555555,2.6055555555555556,18.602777777777778,15.38888888888889,0.07777777777777778,489.28333333333336
2025-04-28 06:00:00+00:00,4.133333333333334,0.9055555555555556,0.775,0.0,0.0,0.0,488.7055555555556
2025-04-28 07:00:00+00:00,0.6694444444444444,0.027777777777777776,3.827777777777778,0.0,0.0,5.597222222222222,488.84722222222223
2025-04-28 08:00:00+00:00,1.2361111111111112,2.2916666666666665,10.066666666666666,18.68611111111111,8.833333333333334,4.136111111111111,488.1388888888889
2025-04-28 09:00:00+00:00,0.0,0.0,0.03064066852367688,0.0,0.0,0.637883008356546,487.7103064066852
2025-04-28 10:00:00+00:00,4.397222222222222,9.447222222222223,0.6027777777777777,0.0,1.2638888888888888,0.0,486.11944444444447
2025-04-28 11:00:00+00:00,0.05,0.022222222222222223,5.513888888888889,19.56111111111111,0.03333333333333333,2.5083333333333333,484.85555555555555
2025-04-28 12:00:00+00:00,0.027777777777777776,2.6805555555555554,0.044444444444444446,0.0,5.211111111111111,0.0,482.96666666666664
2025-04-28 13:00:00+00:00,0.6333333333333333,0.022222222222222223,0.48333333333333334,6.819444444444445,0.022222222222222223,1.3388888888888888,481.9972222222222
2025-04-28 14:00:00+00:00,0.11944444444444445,5.727777777777778,3.7,0.0,1.325,1.0083333333333333,479.6638888888889
2025-04-28 15:00:00+00:00,2.341666666666667,0.8305555555555556,1.113888888888889,4.383333333333334,2.425,0.9527777777777777,477.72222222222223
2025-04-28 16:00:00+00:00,10.272980501392757,14.94150417827298,23.50974930362117,52.863509749303624,51.98328690807799,50.139275766016716,3.9832869080779942
2025-04-28 17:00:00+00:00,29.136111111111113,47.475,55.23888888888889,62.230555555555554,59.05555555555556,68.71944444444445,0.0
2025-04-28 18:00:00+00:00,5.727777777777778,31.177777777777777,54.06111111111111,66.69722222222222,29.32777777777778,68.89444444444445,0.0
2025-04-28 19:00:00+00:00,18.916666666666668,14.377777777777778,26.969444444444445,66.58333333333333,25.52777777777778,68.86111111111111,0.0
2025-04-28 20:00:00+00:00,7.008333333333334,43.44166666666667,39.59444444444444,61.125,58.06666666666667,62.27777777777778,0.0
2025-04-28 21:00:00+00:00,37.63333333333333,44.025,19.54722222222222,55.75833333333333,63.40833333333333,63.72222222222222,0.0
2025-04-28 22:00:00+00:00,4.088888888888889,25.694444444444443,10.769444444444444,36.108333333333334,62.34444444444444,66.91388888888889,0.0
2025-04-28 23:00:00+00:00,28.105849582172702,12.571030640668523,42.78272980501393,11.467966573816156,66.26740947075209,40.37883008356546,0.0
2025-04-29 00:00:00+00:00,2.316666666666667,13.097222222222221,12.86111111111111,22.51388888888889,53.49722222222222,20.25,0.0
2025-04-29 01:00:00+00:00,17.497222222222224,29.675,17.97222222222222,42.24166666666667,65.6138888888889,22.43611111111111,0.0
2025-04-29 02:00:00+00:00,10.71111111111111,35.09722222222222,41.32222222222222,19.58888888888889,35.769444444444446,42.672222222222224,0.0
2025-04-29 03:00:00+00:00,11.794444444444444,36.891666666666666,39.75,0.0,0.0,14.394444444444444,0.0
2025-04-29 04:00:00+00:00,28.269444444444446,11.344444444444445,13.938888888888888,20.07777777777778,0.3138888888888889,0.013888888888888888,480.8861111111111
2025-04-29 05:00:00+00:00,0.2200557103064067,6.328690807799443,0.36768802228412256,0.027855153203342618,0.0,0.0,482.60724233983285
2025-04-29 06:00:00+00:00,0.08611111111111111,0.0,1.6722222222222223,0.0,11.880555555555556,0.0,482.1222222222222
2025-04-29 07:00:00+00:00,6.794444444444444,2.7666666666666666,6.991666666666666,8.625,0.030555555555555555,0.7416666666666667,481.09166666666664
2025-04-29 08:00:00+00:00,0.019444444444444445,0.0,0.14166666666666666,0.0,2.325,6.55,480.24444444444447
2025-04-29 09:00:00+00:00,7.016666666666667,3.375,2.1083333333333334,2.5444444444444443,5.444444444444445,2.7111111111111112,478.94444444444446
2025-04-29 10:00:00+00:00,0.0,0.0,2.8555555555555556,1.2222222222222223,0.0,0.0,477.94166666666666
2025-04-29 11:00:00+00:00,0.14444444444444443,0.3388888888888889,0.9611111111111111,0.0,1.2194444444444446,0.03888888888888889,476.76666666666665
2025-04-29 12:00:00+00:00,0.18662952646239556,7.557103064066852,1.075208913649025,6.977715877437326,0.033426183844011144,0.0,475.47353760445685
2025-04-29 13:00:00+00:00,1.9222222222222223,0.0,0.8,5.888888888888889,0.030555555555555555,5.780555555555556,474.51666666666665
2025-04-29 14:00:00+00:00,0.10277777777777777,0.8138888888888889,2.216666666666667,1.6833333333333333,8.897222222222222,0.0,474.02222222222224
2025-04-29 15:00:00+00:00,6.427777777777778,8.886111111111111,0.21388888888888888,20.397222222222222,0.19722222222222222,1.2305555555555556,472.69166666666666
2025-04-29 16:00:00+00:00,15.452777777777778,21.79722222222222,44.55,50.8,55.25,61.96944444444444,3.941666666666667
2025-04-29 17:00:00+00:00,24.266666666666666,48.62777777777778,56.06944444444444,63.275,65.71944444444445,64.40833333333333,0.0
2025-04-29 18:00:00+00:00,17.322222222222223,45.74444444444445,53.81666666666667,59.09444444444444,59.94444444444444,71.78055555555555,0.0
2025-04-29 19:00:00+00:00,11.50974930362117,37.94707520891365,52.39275766016713,58.362116991643454,11.579387186629527,66.27855153203343,0.0
2025-04-29 20:00:00+00:00,21.375,41.419444444444444,48.61666666666667,74.12222222222222,61.175,71.24166666666666,0.0
2025-04-29 21:00:00+00:00,18.336111111111112,39.07222222222222,32.28055555555556,64.56666666666666,52.15555555555556,71.25277777777778,0.0
2025-04-29 22:00:00+00:00,12.122222222222222,0.125,41.53055555555556,68.44444444444444,50.69166666666667,66.33333333333333,0.0
2025-04-29 23:00:00+00:00,7.402777777777778,20.441666666666666,0.25555555555555554,65.53611111111111,47.88055555555555,67.97222222222223,0.0
2025-04-30 00:00:00+00:00,8.052777777777777,7.161111111111111,16.447222222222223,58.480555555555554,35.608333333333334,67.56944444444444,0.0
2025-04-30 01:00:00+00:00,8.32033426183844,18.32033426183844,13.699164345403899,46.00557103064067,34.701949860724234,41.629526462395546,0.0
2025-04-30 02:00:00+00:00,21.008333333333333,44.65833333333333,31.069444444444443,19.444444444444443,4.991666666666666,31.16111111111111,0.0
2025-04-30 03:00:00+00:00,17.927777777777777,17.4,27.977777777777778,18.052777777777777,0.7222222222222222,3.966666666666667,0.0
2025-04-30 04:00:00+00:00,18.75,18.830555555555556,11.591666666666667,0.0,5.322222222222222,0.0,477.0416666666667
2025-04-30 05:00:00+00:00,0.016666666666666666,0.0,2.036111111111111,4.777777777777778,0.011111111111111112,4.158333333333333,480.23055555555555
2025-04-30 06:00:00+00:00,0.6972222222222222,4.777777777777778,9.391666666666667,0.0,11.480555555555556,0.0,479.2416666666667
2025-04-30 07:00:00+00:00,2.9444444444444446,2.227777777777778,4.075,4.513888888888889,1.8138888888888889,0.28055555555555556,478.14444444444445
2025-04-30 08:00:00+00:00,0.036211699164345405,0.008356545961002786,0.0,0.0,5.77158774373259,0.052924791086350974,476.9275766016713
2025-04-30 09:00:00+00:00,3.088888888888889,2.661111111111111,0.5777777777777777,0.41388888888888886,1.5527777777777778,0.0,476.2472222222222
2025-04-30 10:00:00+00:00,0.0,0.41944444444444445,1.0888888888888888,15.6,0.002777777777777778,10.147222222222222,475.31111111111113
2025-04-30 11:00:00+00:00,0.48333333333333334,3.066666666666667,10.483333333333333,0.0,1.625,0.0,474.4222222222222
2025-04-30 12:00:00+00:00,0.425,0.0,0.4111111111111111,2.313888888888889,5.838888888888889,1.0555555555555556,473.31111111111113
2025-04-30 13:00:00+00:00,0.058333333333333334,12.994444444444444,2.9722222222222223,0.0,0.0,0.0,472.2611111111111
2025-04-30 14:00:00+00:00,7.677777777777778,0.2361111111111111,6.041666666666667,17.533333333333335,4.433333333333334,0.09722222222222222,472.1
2025-04-30 15:00:00+00:00,0.2590529247910863,1.256267409470752,1.2729805013927578,0.9832869080779945,0.42618384401114207,7.685236768802229,470.7214484679666
2025-04-30 16:00:00+00:00,12.877777777777778,27.602777777777778,43.68055555555556,31.052777777777777,60.544444444444444,64.03055555555555,5.222222222222222
2025-04-30 17:00:00+00:00,20.3,44.91388888888889,55.083333333333336,61.11944444444445,64.58888888888889,69.02222222222223,0.0
2025-04-30 18:00:00+00:00,10.13888888888889,39.28611111111111,45.083333333333336,64.53333333333333,59.85,71.08611111111111,0.0
2025-04-30 19:00:00+00:00,2.3305555555555557,41.62777777777778,52.92777777777778,61.983333333333334,62.74444444444445,70.45277777777778,0.0
2025-04-30 20:00:00+00:00,24.680555555555557,47.25555555555555,49.519444444444446,55.022222222222226,68.75555555555556,67.91666666666667,0.0
2025-04-30 21:00:00+00:00,7.0472222222222225,16.002777777777776,27.16111111111111,30.113888888888887,64.56388888888888,73.01666666666667,0.0
2025-04-30 22:00:00+00:00,14.894150417827298,11.696378830083566,1.3593314763231197,0.0,67.53203342618384,76.974930362117,0.0
2025-04-30 23:00:00+00:00,0.8083333333333333,20.355555555555554,39.50555555555555,31.266666666666666,66.89444444444445,73.91666666666667,0.0
2025-05-01 00:00:00+00:00,16.97222222222222,21.458333333333332,1.8111111111111111,26.616666666666667,58.68888888888889,71.56111111111112,0.0
2025-05-01 01:00:00+00:00,15.191666666666666,22.56111111111111,20.958333333333332,43.50277777777778,40.26111111111111,72.7611111111111,0.0
2025-05-01 02:00:00+00:00,26.85,28.68888888888889,38.58888888888889,44.6,10.983333333333333,56.03888888888889,0.0
2025-05-01 03:00:00+00:00,5.711111111111111,23.68888888888889,31.81111111111111,21.78611111111111,0.3861111111111111,10.891666666666667,0.0
2025-05-01 04:00:00+00:00,17.33426183844011,18.802228412256266,18.069637883008358,0.116991643454039,2.8412256267409473,0.005571030640668524,476.2284122562674
2025-05-01 05:00:00+00:00,0.005555555555555556,0.11388888888888889,0.21666666666666667,4.519444444444445,0.0,0.0,478.15277777777777
2025-05-01 06:00:00+00:00,0.6611111111111111,6.338888888888889,0.05277777777777778,12.275,0.027777777777777776,4.394444444444445,477.1611111111111
2025-05-01 07:00:00+00:00,7.155555555555556,1.2,13.722222222222221,7.794444444444444,12.158333333333333,4.1,476.56944444444446
2025-05-01 08:00:00+00:00,0.011111111111111112,0.4222222222222222,0.0,0.21388888888888888,5.55,0.0,475.6138888888889
2025-05-01 09:00:00+00:00,0.6555555555555556,0.0,3.036111111111111,0.0,0.0,3.9055555555555554,474.52777777777777
2025-05-01 10:00:00+00:00,0.41944444444444445,6.791666666666667,0.016666666666666666,8.41388888888889,4.036111111111111,0.0,473.7027777777778
2025-05-01 11:00:00+00:00,3.715877437325905,1.8356545961002786,0.0,0.0,0.0,7.880222841225627,472.4791086350975
2025-05-01 12:00:00+00:00,0.0,0.1,0.7916666666666666,2.575,2.558333333333333,0.0,471.31944444444446
2025-05-01 13:00:00+00:00,0.16111111111111112,2.013888888888889,5.872222222222222,0.0,0.16944444444444445,0.0,470.275
2025-05-01 14:00:00+00:00,0.7166666666666667,0.0,0.0,12.794444444444444,4.425,0.4666666666666667,469.5888888888889
2025-05-01 15:00:00+00:00,0.3972222222222222,2.022222222222222,0.9555555555555556,0.0,0.225,2.3916666666666666,469.56111111111113
2025-05-01 16:00:00+00:00,33.18333333333333,40.919444444444444,48.08611111111111,58.07222222222222,64.14166666666667,68.76666666666667,3.9138888888888888
2025-05-01 17:00:00+00:00,29.87743732590529,52.456824512534816,50.95543175487465,61.83286908077994,68.96657381615599,72.76323119777159,0.0
2025-05-01 18:00:00+00:00,0.6111111111111112,46.644444444444446,54.75555555555555,61.09166666666667,67.375,69.47777777777777,0.0
2025-05-01 19:00:00+00:00,11.780555555555555,29.863888888888887,48.080555555555556,59.43888888888889,70.625,67.62222222222222,0.0
2025-05-01 20:00:00+00:00,5.725,23.594444444444445,37.0,62.63333333333333,71.6,69.37222222222222,0.0
2025-05-01 21:00:00+00:00,11.3,7.413888888888889,6.733333333333333,53.50277777777778,64.8861111111111,9.683333333333334,0.0
2025-05-01 22:00:00+00:00,18.81388888888889,33.81666666666667,27.883333333333333,33.50277777777778,64.3861111111111,41.66388888888889,0.0
2025-05-01 23:00:00+00:00,0.6611111111111111,0.03888888888888889,13.405555555555555,0.22777777777777777,54.44166666666667,57.03888888888889,0.0
2025-05-02 00:00:00+00:00,1.4233983286908078,7.559888579387187,39.362116991643454,16.813370473537603,42.28412256267409,45.211699164345404,0.0
2025-05-02 01:00:00+00:00,25.991666666666667,20.808333333333334,6.216666666666667,59.15,34.833333333333336,22.663888888888888,0.0
2025-05-02 02:00:00+00:00,5.138888888888889,32.958333333333336,22.583333333333332,42.327777777777776,8.697222222222223,15.713888888888889,0.0
2025-05-02 03:00:00+00:00,1.5138888888888888,36.022222222222226,23.794444444444444,40.78333333333333,0.6555555555555556,29.066666666666666,0.0
2025-05-02 04:00:00+00:00,6.711111111111111,10.811111111111112,29.544444444444444,17.794444444444444,5.075,0.027777777777777776,474.18333333333334
2025-05-02 05:00:00+00:00,12.733333333333333,3.8194444444444446,0.0,0.0,0.0,0.9611111111111111,477.73333333333335
2025-05-02 06:00:00+00:00,0.0,0.019498607242339833,1.2785515320334262,0.0,13.612813370473537,0.05013927576601671,477.1281337047354
2025-05-02 07:00:00+00:00,3.388888888888889,8.330555555555556,2.8555555555555556,0.11388888888888889,0.030555555555555555,0.0,475.9111111111111
2025-05-02 08:00:00+00:00,0.7972222222222223,3.672222222222222,3.077777777777778,10.502777777777778,0.0,3.1555555555555554,474.73055555555555
2025-05-02 09:00:00+00:00,0.0,0.027777777777777776,0.675,0.0,3.911111111111111,0.0,473.68611111111113
2025-05-02 10:00:00+00:00,6.413888888888889,0.5972222222222222,2.5388888888888888,1.8805555555555555,0.0,3.75,472.6277777777778
2025-05-02 11:00:00+00:00,0.0,0.22777777777777777,2.1222222222222222,0.11944444444444445,0.5083333333333333,0.0,471.89166666666665
2025-05-02 12:00:00+00:00,0.21388888888888888,0.36666666666666664,0.03888888888888889,6.569444444444445,4.0,0.0,471.09166666666664
2025-05-02 13:00:00+00:00,0.479108635097493,0.7799442896935933,6.885793871866295,0.12534818941504178,0.0,1.7827298050139275,470.79944289693594
2025-05-02 14:00:00+00:00,0.9694444444444444,0.022222222222222223,0.04722222222222222,8.330555555555556,1.5055555555555555,0.0,470.0527777777778
2025-05-02 15:00:00+00:00,0.6527777777777778,0.7972222222222223,3.275,2.9055555555555554,1.0833333333333333,0.8444444444444444,469.61944444444447
2025-05-02 16:00:00+00:00,31.741666666666667,48.513888888888886,51.96388888888889,68.775,68.92777777777778,65.36111111111111,5.225
2025-05-02 17:00:00+00:00,42.952777777777776,51.138888888888886,60.833333333333336,69.32222222222222,70.5111111111111,73.15277777777777,0.0
2025-05-02 18:00:00+00:00,14.411111111111111,42.13611111111111,56.46111111111111,66.64166666666667,71.68888888888888,68.95833333333333,0.0
2025-05-02 19:00:00+00:00,2.286111111111111,34.40833333333333,57.07222222222222,65.45833333333333,66.67222222222222,72.74444444444444,0.0
2025-05-02 20:00:00+00:00,31.47632311977716,6.133704735376044,52.116991643454035,62.99721448467967,68.95543175487465,66.75208913649026,0.0
2025-05-02 21:00:00+00:00,6.863888888888889,26.1,41.28611111111111,60.96944444444444,72.38333333333334,63.83611111111111,0.0
2025-05-02 22:00:00+00:00,20.469444444444445,25.825,15.647222222222222,21.38888888888889,58.45,63.36944444444445,0.0
2025-05-02 23:00:00+00:00,3.908333333333333,28.480555555555554,49.46111111111111,52.2,67.13888888888889,64.31944444444444,0.0
2025-05-03 00:00:00+00:00,6.811111111111111,13.511111111111111,64.48055555555555,58.608333333333334,50.225,49.891666666666666,0.0
2025-05-03 01:00:00+00:00,18.288888888888888,23.158333333333335,62.083333333333336,36.43333333333333,33.083333333333336,17.913888888888888,0.0
2025-05-03 02:00:00+00:00,5.347222222222222,33.65277777777778,46.19722222222222,0.0,4.686111111111111,1.5833333333333333,0.0
2025-05-03 03:00:00+00:00,12.94150417827298,34.844011142061284,43.06406685236769,1.7799442896935933,0.011142061281337047,27.60724233983287,0.0
2025-05-03 04:00:00+00:00,12.61111111111111,5.777777777777778,13.466666666666667,24.29722222222222,6.2027777777777775,0.6666666666666666,473.2083333333333
2025-05-03 05:00:00+00:00,0.08888888888888889,0.49722222222222223,5.091666666666667,0.0,0.0,0.0,477.1972222222222
2025-05-03 06:00:00+00:00,2.188888888888889,4.166666666666667,0.03611111111111111,0.0,11.019444444444444,0.008333333333333333,476.53333333333336
2025-05-03 07:00:00+00:00,3.466666666666667,0.55,12.902777777777779,9.997222222222222,4.583333333333333,0.4,475.05555555555554
2025-05-03 08:00:00+00:00,0.1,0.022222222222222223,0.044444444444444446,0.0,0.0,0.0,473.99444444444447
2025-05-03 09:00:00+00:00,1.5527777777777778,2.911111111111111,2.1222222222222222,0.0,1.05,0.0,473.1972222222222
2025-05-03 10:00:00+00:00,0.016713091922005572,3.448467966573816,0.0,3.9582172701949863,0.0,3.3927576601671308,473.016713091922
2025-05-03 11:00:00+00:00,0.23333333333333334,0.075,4.225,0.0,0.825,1.2722222222222221,472.15277777777777
2025-05-03 12:00:00+00:00,0.13055555555555556,0.022222222222222223,0.016666666666666666,0.0,0.2361111111111111,0.0,471.0083333333333
2025-05-03 13:00:00+00:00,0.4166666666666667,2.7805555555555554,1.85,7.169444444444444,2.388888888888889,1.6111111111111112,470.7111111111111
2025-05-03 14:00:00+00:00,0.13333333333333333,0.4666666666666667,6.038888888888889,0.016666666666666666,2.4694444444444446,1.2222222222222223,469.7388888888889
2025-05-03 15:00:00+00:00,0.36944444444444446,1.961111111111111,2.7333333333333334,6.997222222222222,0.8972222222222223,0.48055555555555557,469.15555555555557
2025-05-03 16:00:00+00:00,29.127777777777776,48.394444444444446,30.88888888888889,72.9,65.18888888888888,61.28888888888889,3.908333333333333
2025-05-03 17:00:00+00:00,46.401114206128135,59.211699164345404,65.08356545961003,73.025069637883,71.03342618384401,73.32869080779945,0.0
2025-05-03 18:00:00+00:00,30.369444444444444,59.71111111111111,61.67777777777778,67.37777777777778,70.43611111111112,69.625,0.0
2025-05-03 19:00:00+00:00,18.733333333333334,53.45,62.98888888888889,66.42222222222222,66.60277777777777,67.7611111111111,0.0
2025-05-03 20:00:00+00:00,1.8388888888888888,35.81944444444444,57.763888888888886,67.18888888888888,67.68055555555556,72.39166666666667,0.0
2025-05-03 21:00:00+00:00,11.883333333333333,0.19444444444444445,51.13055555555555,54.25555555555555,68.50555555555556,67.25833333333334,0.0
2025-05-03 22:00:00+00:00,23.461111111111112,29.92222222222222,41.21388888888889,55.57222222222222,66.21111111111111,63.55,0.0
2025-05-03 23:00:00+00:00,0.28055555555555556,2.1944444444444446,4.622222222222222,59.11944444444445,64.67222222222222,45.38333333333333,0.0
2025-05-04 00:00:00+00:00,2.905292479108635,17.526462395543174,0.807799442896936,4.158774373259053,62.51532033426184,65.12813370473538,0.0
2025-05-04 01:00:00+00:00,16.219444444444445,14.372222222222222,40.647222222222226,59.62777777777778,45.03611111111111,40.65,0.0
2025-05-04 02:00:00+00:00,3.4916666666666667,44.83611111111111,40.09722222222222,38.0,20.480555555555554,21.636111111111113,0.0
2025-05-04 03:00:00+00:00,22.391666666666666,37.297222222222224,42.955555555555556,17.433333333333334,5.386111111111111,0.008333333333333333,0.0
2025-05-04 04:00:00+00:00,17.961111111111112,11.472222222222221,10.697222222222223,0.0,0.022222222222222223,0.0,471.96666666666664
2025-05-04 05:00:00+00:00,0.4083333333333333,10.197222222222223,0.6027777777777777,0.0,0.0,0.0,475.7388888888889
2025-05-04 06:00:00+00:00,0.03899721448467967,0.0,8.445682451253482,6.462395543175488,7.805013927576602,3.3871866295264623,475.02785515320335
2025-05-04 07:00:00+00:00,0.5361111111111111,0.0,0.0,0.0,0.0,0.0,474.60555555555555
2025-05-04 08:00:00+00:00,7.736111111111111,4.441666666666666,10.927777777777777,14.397222222222222,0.016666666666666666,0.375,474.01666666666665
2025-05-04 09:00:00+00:00,0.0,4.794444444444444,0.0,0.011111111111111112,8.130555555555556,8.994444444444444,473.2888888888889
2025-05-04 10:00:00+00:00,12.106741573033707,8.106741573033707,10.042134831460674,8.547752808988765,4.393258426966292,0.09831460674157304,473.6657303370786
2025-05-04 11:00:00+00:00,0.4777777777777778,0.0,0.030555555555555555,0.0,0.0,0.016666666666666666,472.1777777777778
2025-05-04 12:00:00+00:00,0.0,1.4972222222222222,4.9222222222222225,1.4083333333333334,5.530555555555556,0.0,471.73055555555555
2025-05-04 13:00:00+00:00,0.06406685236768803,0.0,1.935933147632312,4.052924791086351,0.008356545961002786,3.128133704735376,471.1114206128134
2025-05-04 14:00:00+00:00,0.7,2.3777777777777778,0.16666666666666666,2.1555555555555554,0.38055555555555554,0.0,470.72777777777776
2025-05-04 15:00:00+00:00,1.086111111111111,1.3111111111111111,4.769444444444445,4.95,2.466666666666667,1.9527777777777777,470.4222222222222
2025-05-04 16:00:00+00:00,20.336111111111112,43.15555555555556,39.94722222222222,62.96388888888889,58.71111111111111,70.1361111111111,5.222222222222222
2025-05-04 17:00:00+00:00,9.45,50.702777777777776,55.56666666666667,69.375,67.54722222222222,66.08055555555555,0.008333333333333333
2025-05-04 18:00:00+00:00,34.08611111111111,56.852777777777774,68.79722222222222,69.82777777777778,72.30277777777778,67.6361111111111,0.0
2025-05-04 19:00:00+00:00,20.344444444444445,26.272222222222222,63.86944444444445,63.65277777777778,55.044444444444444,67.575,0.0
2025-05-04 20:00:00+00:00,1.8,28.48611111111111,60.78333333333333,56.61666666666667,57.875,71.29444444444445,0.0
2025-05-04 21:00:00+00:00,5.766016713091922,43.362116991643454,59.93593314763231,73.26740947075209,42.459610027855156,66.59610027855153,0.0
2025-05-04 22:00:00+00:00,3.6166666666666667,2.7694444444444444,54.44166666666667,66.18611111111112,35.75277777777778,71.98611111111111,0.0
2025-05-04 23:00:00+00:00,1.0972222222222223,9.341666666666667,11.266666666666667,57.480555555555554,59.269444444444446,70.71944444444445,0.0
2025-05-05 00:00:00+00:00,10.325,16.680555555555557,34.894444444444446,46.602777777777774,49.51111111111111,73.04444444444445,0.0
2025-05-05 01:00:00+00:00,25.919444444444444,14.866666666666667,8.161111111111111,45.06666666666667,39.21666666666667,60.266666666666666,0.0
2025-05-05 02:00:00+00:00,10.352777777777778,37.65277777777778,32.06666666666667,21.005555555555556,13.26388888888889,42.81944444444444,0.0
2025-05-05 03:00:00+00:00,8.041782729805014,35.231197771587745,20.044568245125348,6.844011142061281,0.0,2.8997214484679668,0.0
2025-05-05 04:00:00+00:00,13.275,11.963888888888889,0.09722222222222222,0.0,13.055555555555555,0.0,471.0444444444444
2025-05-05 05:00:00+00:00,0.05,0.22777777777777777,12.555555555555555,0.0,2.513888888888889,0.0,475.7638888888889
2025-05-05 06:00:00+00:00,11.314447592067989,8.544444444444444,1.5194444444444444,3.8055555555555554,0.5361111111111111,0.6333333333333333,475.2138888888889
2025-05-05 07:00:00+00:00,22.885057471264368,25.394658753709198,37.023809523809526,38.76401179941003,42.919402985074626,19.990909090909092,488.81944444444446
2025-05-05 08:00:00+00:00,2.05,2.6416666666666666,0.011111111111111112,0.9972222222222222,2.561111111111111,0.11666666666666667,473.31944444444446
2025-05-05 09:00:00+00:00,0.008333333333333333,3.922222222222222,4.025,3.9166666666666665,1.113888888888889,0.025,472.63055555555553
2025-05-05 10:00:00+00:00,0.5515320334261838,0.0,1.1197771587743732,0.0,0.0,0.0,472.18941504178275
2025-05-05 11:00:00+00:00,0.05277777777777778,1.5416666666666667,6.969444444444444,8.377777777777778,0.0,4.625,471.74444444444447
2025-05-05 12:00:00+00:00,1.6305555555555555,0.0,0.14444444444444443,0.0,8.705555555555556,0.0,470.9138888888889
2025-05-05 13:00:00+00:00,0.9833333333333333,2.1666666666666665,3.075,0.016666666666666666,0.0,0.0,470.69444444444446
2025-05-05 14:00:00+00:00,3.363888888888889,0.9194444444444444,0.7388888888888889,3.0555555555555554,0.4083333333333333,0.0,470.06944444444446
2025-05-05 15:00:00+00:00,0.03611111111111111,0.8805555555555555,1.4944444444444445,1.1277777777777778,1.261111111111111,0.8472222222222222,469.725
2025-05-05 16:00:00+00:00,10.344444444444445,30.70277777777778,35.78888888888889,62.94166666666667,55.81944444444444,63.06111111111111,5.216666666666667
2025-05-05 17:00:00+00:00,11.242339832869082,20.364902506963787,56.36490250696379,64.27576601671309,71.91922005571031,61.67130919220056,0.0
2025-05-05 18:00:00+00:00,18.961111111111112,21.03611111111111,58.00277777777778,63.18611111111111,73.45,65.65555555555555,0.0
2025-05-05 19:00:00+00:00,33.794444444444444,50.94444444444444,65.83611111111111,63.769444444444446,60.669444444444444,52.80833333333333,0.0
2025-05-05 20:00:00+00:00,10.341666666666667,51.62777777777778,52.75555555555555,56.422222222222224,63.775,53.34166666666667,0.0
2025-05-05 21:00:00+00:00,10.897222222222222,28.102777777777778,45.80833333333333,18.530555555555555,59.50277777777778,27.941666666666666,0.0
2025-05-05 22:00:00+00:00,0.7833333333333333,0.03888888888888889,12.725,27.90277777777778,42.81111111111111,0.7722222222222223,0.0
2025-05-05 23:00:00+00:00,14.197222222222223,16.841666666666665,6.95,41.830555555555556,12.0,43.922222222222224,0.0
2025-05-06 00:00:00+00:00,0.7910863509749304,5.908077994428969,24.434540389972145,42.09470752089136,62.6991643454039,45.713091922005574,0.0
2025-05-06 01:00:00+00:00,3.011111111111111,9.030555555555555,10.422222222222222,4.911111111111111,43.03611111111111,45.111111111111114,0.0
2025-05-06 02:00:00+00:00,19.488888888888887,35.31111111111111,15.297222222222222,18.46388888888889,31.54722222222222,37.43333333333333,0.0
2025-05-06 03:00:00+00:00,15.691666666666666,36.763888888888886,1.8805555555555555,31.45,6.230555555555555,9.794444444444444,0.0
2025-05-06 04:00:00+00:00,9.547222222222222,8.13888888888889,15.994444444444444,8.444444444444445,0.07777777777777778,0.675,471.9916666666667
2025-05-06 05:00:00+00:00,2.6777777777777776,2.5555555555555554,2.6305555555555555,0.0,1.6555555555555554,0.0,475.5444444444444
2025-05-06 06:00:00+00:00,1.8972222222222221,9.572222222222223,0.65,0.48333333333333334,10.866666666666667,0.011111111111111112,474.2138888888889
2025-05-06 07:00:00+00:00,0.39275766016713093,0.0,0.47075208913649025,0.0,0.42896935933147634,0.0,473.53481894150417
2025-05-06 08:00:00+00:00,1.2055555555555555,1.836111111111111,2.0722222222222224,9.602777777777778,0.005555555555555556,0.48055555555555557,472.7583333333333
2025-05-06 09:00:00+00:00,0.019444444444444445,0.0,0.0,0.0,9.977777777777778,0.0,471.9138888888889
2025-05-06 10:00:00+00:00,0.08611111111111111,0.9944444444444445,1.3666666666666667,7.055555555555555,0.2916666666666667,4.0472222222222225,470.3333333333333
2025-05-06 11:00:00+00:00,3.2944444444444443,0.24444444444444444,0.5777777777777777,0.0,0.0,8.772222222222222,470.2027777777778
2025-05-06 12:00:00+00:00,0.2111111111111111,0.0,6.8805555555555555,2.975,6.372222222222222,0.0,471.0805555555556
2025-05-06 13:00:00+00:00,0.05,6.913888888888889,0.28888888888888886,1.363888888888889,0.14444444444444443,0.0,470.5138888888889
2025-05-06 14:00:00+00:00,2.7910863509749304,2.0362116991643453,0.9665738161559888,0.30362116991643456,0.0,1.5041782729805013,470.0724233983287
2025-05-06 15:00:00+00:00,0.0,0.625,2.852777777777778,2.286111111111111,0.5361111111111111,1.4083333333333334,469.65
2025-05-06 16:00:00+00:00,19.969444444444445,29.988888888888887,41.9,69.18055555555556,65.23333333333333,62.28055555555556,5.213888888888889
2025-05-06 17:00:00+00:00,27.233333333333334,54.2,63.59722222222222,62.513888888888886,70.03055555555555,67.52222222222223,0.0
2025-05-06 18:00:00+00:00,7.791666666666667,44.02777777777778,54.21111111111111,61.99444444444445,62.919444444444444,69.76944444444445,0.0
2025-05-06 19:00:00+00:00,0.6861111111111111,37.975,53.75833333333333,49.44444444444444,66.51944444444445,62.44444444444444,0.0
2025-05-06 20:00:00+00:00,17.355555555555554,12.647222222222222,33.15833333333333,36.99166666666667,63.18333333333333,59.61944444444445,0.0
2025-05-06 21:00:00+00:00,27.194986072423397,39.977715877437326,41.57381615598886,0.0,59.67130919220056,59.20891364902507,0.0
2025-05-06 22:00:00+00:00,1.85,22.855555555555554,27.913888888888888,39.38611111111111,58.81111111111111,56.708333333333336,0.0
2025-05-06 23:00:00+00:00,14.075,6.652777777777778,1.3666666666666667,26.95277777777778,53.608333333333334,40.80555555555556,0.0
2025-05-07 00:00:00+00:00,6.019444444444445,4.530555555555556,19.030555555555555,49.71666666666667,46.43333333333333,62.55833333333333,0.0
2025-05-07 01:00:00+00:00,5.2555555555555555,15.6,7.722222222222222,22.68888888888889,12.227777777777778,46.477777777777774,0.0
2025-05-07 02:00:00+00:00,10.505555555555556,30.075,13.152777777777779,3.3722222222222222,1.6027777777777779,36.21944444444444,0.0
2025-05-07 03:00:00+00:00,17.03611111111111,32.12222222222222,8.994444444444444,59.144444444444446,44.0,0.0,0.0
2025-05-07 04:00:00+00:00,20.493036211699163,22.044568245125348,0.807799442896936,19.94707520891365,6.33983286908078,0.0,471.75208913649027
2025-05-07 05:00:00+00:00,1.7944444444444445,0.0,8.052777777777777,0.0,0.0,0.0,475.97777777777776
2025-05-07 06:00:00+00:00,0.5222222222222223,0.025,8.830555555555556,5.841666666666667,5.019444444444445,1.1166666666666667,475.64444444444445
2025-05-07 07:00:00+00:00,0.33611111111111114,5.586111111111111,0.34444444444444444,0.0,4.4944444444444445,2.9833333333333334,474.8611111111111
2025-05-07 08:00:00+00:00,2.411111111111111,0.0,3.5277777777777777,0.0,0.016666666666666666,0.0,474.0805555555556
2025-05-07 09:00:00+00:00,0.0,2.0972222222222223,2.938888888888889,11.044444444444444,5.572222222222222,5.963888888888889,473.90277777777777
2025-05-07 10:00:00+00:00,7.480555555555555,0.0,0.5777777777777777,0.0,0.0,0.0,472.89444444444445
2025-05-07 11:00:00+00:00,0.005571030640668524,0.5181058495821727,0.8245125348189415,0.0,0.0,0.0,472.58217270194984
2025-05-07 12:00:00+00:00,0.019444444444444445,0.9222222222222223,0.7361111111111112,11.455555555555556,4.741666666666666,4.780555555555556,471.68333333333334
2025-05-07 13:00:00+00:00,0.08055555555555556,0.3611111111111111,8.425,0.0,0.17777777777777778,0.0,471.0361111111111
2025-05-07 14:00:00+00:00,1.4638888888888888,5.727777777777778,1.1555555555555554,3.9027777777777777,0.0,0.225,470.38055555555553
2025-05-07 15:00:00+00:00,0.4444444444444444,0.0,0.03888888888888889,0.39444444444444443,0.6277777777777778,1.3916666666666666,470.15555555555557
2025-05-07 16:00:00+00:00,18.97222222222222,26.261111111111113,45.147222222222226,70.50555555555556,70.95277777777778,65.61944444444444,5.213888888888889
2025-05-07 17:00:00+00:00,18.515320334261837,50.4958217270195,56.119777158774376,66.8050139275766,71.59610027855153,71.37047353760445,0.0
2025-05-07 18:00:00+00:00,17.63888888888889,23.630555555555556,52.669444444444444,61.96111111111111,68.48333333333333,62.888888888888886,0.0
2025-05-07 19:00:00+00:00,3.3027777777777776,16.38888888888889,53.21666666666667,69.45277777777778,70.35,71.71388888888889,0.0
2025-05-07 20:00:00+00:00,14.091666666666667,19.225,44.78333333333333,51.84444444444444,66.67777777777778,61.21666666666667,0.0
2025-05-07 21:00:00+00:00,30.552777777777777,34.99444444444445,31.119444444444444,50.25277777777778,61.025,67.92222222222222,0.0
2025-05-07 22:00:00+00:00,0.5777777777777777,7.352777777777778,0.8916666666666667,10.269444444444444,48.958333333333336,67.79722222222222,0.0
2025-05-07 23:00:00+00:00,11.480555555555556,7.655555555555556,31.15277777777778,0.5833333333333334,52.24722222222222,65.03888888888889,0.0
2025-05-08 00:00:00+00:00,1.2305555555555556,6.811111111111111,7.388888888888889,50.225,39.18333333333333,50.172222222222224,0.0
2025-05-08 01:00:00+00:00,10.618384401114206,16.988857938718663,21.88857938718663,35.27576601671309,3.064066852367688,41.871866295264624,0.0
2025-05-08 02:00:00+00:00,18.322222222222223,34.71388888888889,25.04722222222222,42.016666666666666,35.53888888888889,17.308333333333334,0.0
2025-05-08 03:00:00+00:00,7.75,43.37777777777778,9.35,27.6,11.613888888888889,8.869444444444444,0.0
2025-05-08 04:00:00+00:00,14.727777777777778,19.897222222222222,18.305555555555557,4.647222222222222,0.42777777777777776,0.0,472.18333333333334
2025-05-08 05:00:00+00:00,0.9527777777777777,0.0,0.0,0.0,0.0,0.025,476.03333333333336
2025-05-08 06:00:00+00:00,0.4583333333333333,2.7777777777777777,10.16388888888889,1.5527777777777778,10.033333333333333,0.0,475.9583333333333
2025-05-08 07:00:00+00:00,18.14782608695652,32.11746987951807,39.165217391304346,48.83090379008746,37.741176470588236,12.492537313432836,486.2944444444444
2025-05-08 08:00:00+00:00,0.008356545961002786,1.84958217270195,2.651810584958217,13.45682451253482,2.9220055710306405,0.016713091922005572,474.35376044568244
2025-05-08 09:00:00+00:00,1.5333333333333334,1.4388888888888889,0.0,0.0,1.1666666666666667,0.019444444444444445,474.2944444444444
2025-05-08 10:00:00+00:00,0.3416666666666667,0.044444444444444446,1.0527777777777778,7.188888888888889,1.4916666666666667,0.005555555555555556,473.4222222222222
2025-05-08 11:00:00+00:00,1.511111111111111,2.2444444444444445,0.03888888888888889,0.0,0.0,3.1527777777777777,472.5361111111111
2025-05-08 12:00:00+00:00,0.10833333333333334,0.24722222222222223,2.7916666666666665,1.7361111111111112,6.091666666666667,8.030555555555555,472.3388888888889
2025-05-08 13:00:00+00:00,0.9694444444444444,1.1805555555555556,0.6805555555555556,1.0277777777777777,0.5305555555555556,0.0,472.53055555555557
2025-05-08 14:00:00+00:00,0.7055555555555556,1.4,0.39166666666666666,0.33611111111111114,0.008333333333333333,0.0,471.5361111111111
2025-05-08 15:00:00+00:00,2.902506963788301,1.3147632311977715,2.136490250696379,2.0278551532033426,0.7743732590529248,0.4735376044568245,471.15041782729804
2025-05-08 16:00:00+00:00,6.961111111111111,36.611111111111114,46.36388888888889,55.047222222222224,62.477777777777774,60.375,6.538888888888889
2025-05-08 17:00:00+00:00,27.341666666666665,36.763888888888886,58.25555555555555,69.59444444444445,70.20555555555555,61.983333333333334,0.0
2025-05-08 18:00:00+00:00,24.772222222222222,43.83611111111111,63.0,66.975,73.88333333333334,70.94444444444444,0.0
2025-05-08 19:00:00+00:00,31.51388888888889,51.66111111111111,62.53611111111111,62.19722222222222,68.07222222222222,60.888888888888886,0.0
2025-05-08 20:00:00+00:00,3.786111111111111,7.436111111111111,52.74166666666667,60.875,12.397222222222222,72.2,0.0
2025-05-08 21:00:00+00:00,3.2777777777777777,38.647222222222226,38.65555555555556,57.333333333333336,61.672222222222224,67.61111111111111,0.0
2025-05-08 22:00:00+00:00,11.986072423398328,2.7827298050139277,20.328690807799443,38.64345403899721,60.637883008356546,68.22284122562674,0.0
2025-05-08 23:00:00+00:00,14.966666666666667,19.116666666666667,5.397222222222222,8.052777777777777,64.74166666666666,73.0111111111111,0.0
2025-05-09 00:00:00+00:00,1.7055555555555555,0.85,12.919444444444444,31.23611111111111,62.580555555555556,66.67777777777778,0.0
2025-05-09 01:00:00+00:00,14.955555555555556,8.416666666666666,11.75,40.077777777777776,60.36666666666667,58.75555555555555,0.0
2025-05-09 02:00:00+00:00,4.4222222222222225,29.675,18.875,32.3,41.59166666666667,36.24722222222222,0.0
2025-05-09 03:00:00+00:00,17.29722222222222,34.58611111111111,9.941666666666666,0.011111111111111112,25.225,4.597222222222222,0.0
2025-05-09 04:00:00+00:00,8.030640668523677,17.67966573816156,1.6991643454038998,0.013927576601671309,3.328690807799443,0.0,473.0557103064067
2025-05-09 05:00:00+00:00,0.5555555555555556,0.0,23.216666666666665,4.488888888888889,0.04722222222222222,0.7611111111111111,476.9
2025-05-09 06:00:00+00:00,0.0,0.5361111111111111,0.0,0.0,0.0,0.0,476.3027777777778
2025-05-09 07:00:00+00:00,2.283333333333333,0.9222222222222223,2.6666666666666665,18.602777777777778,5.208333333333333,5.594444444444444,475.56388888888887
2025-05-09 08:00:00+00:00,2.2333333333333334,0.0,9.480555555555556,3.147222222222222,0.15555555555555556,0.0,474.43888888888887
2025-05-09 09:00:00+00:00,4.144444444444445,3.95,2.2694444444444444,0.0,6.9,0.0,473.3777777777778
2025-05-09 10:00:00+00:00,0.2222222222222222,0.0,0.8194444444444444,2.736111111111111,0.019444444444444445,2.952777777777778,472.59444444444443
2025-05-09 11:00:00+00:00,0.08055555555555556,0.28888888888888886,0.0,0.0,1.1916666666666667,0.0,472.03333333333336
2025-05-09 12:00:00+00:00,0.10306406685236769,0.0,0.43175487465181056,0.0,6.423398328690808,0.5515320334261838,471.5988857938719
2025-05-09 13:00:00+00:00,1.9,0.8055555555555556,0.4361111111111111,3.1444444444444444,0.030555555555555555,0.0,470.6111111111111
2025-05-09 14:00:00+00:00,0.06666666666666667,0.4111111111111111,0.18888888888888888,1.0694444444444444,1.65,0.0,469.975
2025-05-09 15:00:00+00:00,1.9361111111111111,0.1,9.894444444444444,15.427777777777777,0.10833333333333334,0.49444444444444446,469.78055555555557
2025-05-09 16:00:00+00:00,10.044444444444444,22.233333333333334,25.430555555555557,59.44722222222222,56.99166666666667,64.82222222222222,5.219444444444444
2025-05-09 17:00:00+00:00,30.65277777777778,49.38055555555555,60.07222222222222,67.4,69.80555555555556,66.40833333333333,0.0
2025-05-09 18:00:00+00:00,13.572222222222223,21.02777777777778,45.87777777777778,63.425,60.208333333333336,64.65833333333333,0.0
2025-05-09 19:00:00+00:00,14.69359331476323,1.8885793871866294,37.26183844011142,61.239554317548745,55.760445682451255,62.94428969359331,0.0
2025-05-09 20:00:00+00:00,24.038888888888888,15.283333333333333,12.922222222222222,62.43333333333333,5.1194444444444445,58.93611111111111,0.0
2025-05-09 21:00:00+00:00,3.7,26.908333333333335,45.35,56.56388888888889,55.169444444444444,65.50555555555556,0.0
2025-05-09 22:00:00+00:00,4.252777777777778,12.872222222222222,26.608333333333334,60.705555555555556,50.21944444444444,7.530555555555556,0.0
2025-05-09 23:00:00+00:00,12.563888888888888,5.897222222222222,1.7083333333333333,60.891666666666666,57.977777777777774,32.830555555555556,0.0
2025-05-10 00:00:00+00:00,1.9833333333333334,4.972222222222222,19.455555555555556,32.31944444444444,51.63611111111111,58.53611111111111,0.0
2025-05-10 01:00:00+00:00,6.4484679665738165,9.534818941504179,6.35933147632312,41.5041782729805,33.674094707520894,22.345403899721447,0.0
2025-05-10 02:00:00+00:00,11.95,29.177777777777777,27.038888888888888,30.238888888888887,4.772222222222222,4.058333333333334,0.0
2025-05-10 03:00:00+00:00,0.6555555555555556,28.352777777777778,35.125,0.013888888888888888,32.975,31.480555555555554,0.0
2025-05-10 04:00:00+00:00,19.241666666666667,13.141666666666667,39.513888888888886,0.0,2.6666666666666665,0.019444444444444445,470.85277777777776
2025-05-10 05:00:00+00:00,0.16111111111111112,0.025,3.3305555555555557,0.6666666666666666,0.0,0.0,475.7111111111111
2025-05-10 06:00:00+00:00,0.0,2.7444444444444445,0.9694444444444444,0.0,2.5055555555555555,0.0,474.68333333333334
2025-05-10 07:00:00+00:00,1.5666666666666667,0.0,0.6888888888888889,12.766666666666667,0.0,0.3638888888888889,473.975
2025-05-10 08:00:00+00:00,2.222841225626741,2.596100278551532,7.6155988857938715,4.479108635097493,4.6685236768802225,0.008356545961002786,473.8384401114206
2025-05-10 09:00:00+00:00,3.5722222222222224,2.658333333333333,0.05555555555555555,0.0,0.0,12.741666666666667,472.9916666666667
2025-05-10 10:00:00+00:00,0.011111111111111112,0.3861111111111111,0.26944444444444443,0.7888888888888889,5.466666666666667,0.0,472.46944444444443
2025-05-10 11:00:00+00:00,0.5888888888888889,0.005555555555555556,0.005555555555555556,0.03611111111111111,0.0,1.4694444444444446,472.8861111111111
2025-05-10 12:00:00+00:00,0.7,0.06944444444444445,2.6972222222222224,4.872222222222222,0.0,0.675,472.51666666666665
2025-05-10 13:00:00+00:00,0.05555555555555555,0.041666666666666664,0.0,0.0,4.058333333333334,0.0,471.9111111111111
2025-05-10 14:00:00+00:00,0.005555555555555556,3.191666666666667,0.2,2.6055555555555556,0.0,1.2027777777777777,471.2583333333333
2025-05-10 15:00:00+00:00,1.0194986072423398,0.0,0.9916434540389972,0.025069637883008356,0.36768802228412256,2.4066852367688023,470.83565459610026
2025-05-10 16:00:00+00:00,24.516666666666666,30.677777777777777,42.52777777777778,62.675,49.144444444444446,63.666666666666664,6.538888888888889
2025-05-10 17:00:00+00:00,31.447222222222223,47.24444444444445,57.102777777777774,65.1138888888889,67.98333333333333,68.48055555555555,0.0
2025-05-10 18:00:00+00:00,17.855555555555554,19.825,46.580555555555556,51.608333333333334,64.8638888888889,64.18611111111112,0.0
2025-05-10 19:00:00+00:00,11.416666666666666,5.458333333333333,24.488888888888887,24.355555555555554,60.46111111111111,58.80833333333333,0.0
2025-05-10 20:00:00+00:00,4.9944444444444445,11.28888888888889,29.391666666666666,0.9805555555555555,49.99166666666667,66.07777777777778,0.0
2025-05-10 21:00:00+00:00,13.019444444444444,16.927777777777777,17.633333333333333,11.344444444444445,44.644444444444446,68.17777777777778,0.0
2025-05-10 22:00:00+00:00,12.133333333333333,24.669444444444444,23.180555555555557,37.96388888888889,1.6777777777777778,50.43888888888889,0.0
2025-05-10 23:00:00+00:00,1.3286908077994428,4.835654596100278,8.286908077994429,8.16991643454039,0.9972144846796658,53.796657381615596,0.0
2025-05-11 00:00:00+00:00,3.263888888888889,3.4694444444444446,7.677777777777778,11.472222222222221,56.925,31.67222222222222,0.0
2025-05-11 01:00:00+00:00,24.175,16.058333333333334,15.952777777777778,40.97222222222222,41.03333333333333,35.608333333333334,0.0
2025-05-11 02:00:00+00:00,23.533333333333335,31.58888888888889,26.56388888888889,32.8,38.575,17.480555555555554,0.0
2025-05-11 03:00:00+00:00,0.9416666666666667,30.02777777777778,10.744444444444444,30.305555555555557,26.7,9.275,0.0
2025-05-11 04:00:00+00:00,19.105555555555554,6.694444444444445,20.983333333333334,10.936111111111112,2.675,0.0,473.4194444444444
2025-05-11 05:00:00+00:00,0.0,0.027855153203342618,0.0,0.0,0.005571030640668524,0.0,477.11977715877435
2025-05-11 06:00:00+00:00,1.1416666666666666,1.1777777777777778,1.7972222222222223,0.0,0.0,0.3611111111111111,476.34444444444443
2025-05-11 07:00:00+00:00,0.0,0.0,0.008333333333333333,1.0138888888888888,12.01388888888889,0.0,475.1777777777778
2025-05-11 08:00:00+00:00,0.55,1.9638888888888888,0.10833333333333334,0.0,0.0,0.8277777777777777,474.5361111111111
2025-05-11 09:00:00+00:00,2.361111111111111,0.1361111111111111,7.288888888888889,9.375,0.0,0.044444444444444446,473.76666666666665
2025-05-11 10:00:00+00:00,0.022222222222222223,1.9722222222222223,0.09166666666666666,0.0,4.027777777777778,1.3833333333333333,473.3388888888889
2025-05-11 11:00:00+00:00,0.28888888888888886,8.386111111111111,9.76388888888889,0.4222222222222222,0.0,8.825,472.125
2025-05-11 12:00:00+00:00,4.874651810584958,0.011142061281337047,0.17548746518105848,5.952646239554317,0.011142061281337047,0.0,471.28690807799444
2025-05-11 13:00:00+00:00,0.3138888888888889,0.5138888888888888,0.325,0.0,1.0444444444444445,0.7111111111111111,470.84444444444443
2025-05-11 14:00:00+00:00,0.2916666666666667,0.0,1.45,3.783333333333333,2.1222222222222222,2.8222222222222224,469.9861111111111
2025-05-11 15:00:00+00:00,0.9,0.6055555555555555,6.838888888888889,9.027777777777779,0.0,1.0583333333333333,469.2138888888889
2025-05-11 16:00:00+00:00,15.558333333333334,34.13055555555555,33.00277777777778,68.66111111111111,55.36944444444445,68.5,5.2
2025-05-11 17:00:00+00:00,41.83611111111111,46.397222222222226,60.09444444444444,63.24722222222222,70.03333333333333,69.0111111111111,0.0
2025-05-11 18:00:00+00:00,37.44444444444444,36.575,57.5,59.888888888888886,71.84166666666667,68.08055555555555,0.0
2025-05-11 19:00:00+00:00,7.4986072423398324,26.409470752089135,59.45403899721448,50.08635097493036,62.389972144846794,59.84679665738162,0.0
2025-05-11 20:00:00+00:00,32.225,40.269444444444446,51.794444444444444,43.34722222222222,69.45277777777778,73.63055555555556,0.0
2025-05-11 21:00:00+00:00,6.533333333333333,44.791666666666664,51.75833333333333,20.163888888888888,65.86944444444444,68.975,0.0
2025-05-11 22:00:00+00:00,26.85,16.619444444444444,37.233333333333334,0.5138888888888888,63.80277777777778,65.26388888888889,0.0
2025-05-11 23:00:00+00:00,5.902777777777778,10.802777777777777,7.908333333333333,48.83888888888889,58.90277777777778,58.575,0.0
2025-05-12 00:00:00+00:00,2.1333333333333333,18.61111111111111,32.91111111111111,48.333333333333336,56.43333333333333,64.05555555555556,0.0
2025-05-12 01:00:00+00:00,23.54874651810585,17.016713091922007,16.15598885793872,8.2033426183844,43.16155988857939,48.18941504178273,0.0
2025-05-12 02:00:00+00:00,15.697222222222223,20.483333333333334,22.2,17.183333333333334,24.819444444444443,34.55,0.0
2025-05-12 03:00:00+00:00,14.363888888888889,30.166666666666668,35.42777777777778,35.84166666666667,0.46111111111111114,0.09166666666666666,0.0
2025-05-12 04:00:00+00:00,0.008333333333333333,5.052777777777778,7.733333333333333,10.544444444444444,0.16111111111111112,0.0,470.19444444444446
2025-05-12 05:00:00+00:00,9.641666666666667,1.2166666666666666,0.0,0.0,4.886111111111111,0.013888888888888888,475.71944444444443
2025-05-12 06:00:00+00:00,0.005555555555555556,0.0,2.5388888888888888,0.0,0.0,2.2222222222222223,475.4166666666667
2025-05-12 07:00:00+00:00,0.7027777777777777,1.238888888888889,0.18333333333333332,8.447222222222223,0.0,0.0,474.5722222222222
2025-05-12 08:00:00+00:00,0.6657381615598886,0.0,0.2785515320334262,0.0,12.885793871866296,0.0,473.5682451253482
2025-05-12 09:00:00+00:00,4.363888888888889,2.6305555555555555,1.9666666666666666,0.0,1.15,8.697222222222223,472.6777777777778
2025-05-12 10:00:00+00:00,0.05,0.0,0.0,0.5861111111111111,0.0,0.0,472.09722222222223
2025-05-12 11:00:00+00:00,0.4361111111111111,0.3416666666666667,0.15833333333333333,0.0,1.8916666666666666,0.0,471.38055555555553
2025-05-12 12:00:00+00:00,0.0,0.0,4.3,13.694444444444445,0.005555555555555556,1.5638888888888889,470.7972222222222
2025-05-12 13:00:00+00:00,0.49444444444444446,0.0,0.12222222222222222,0.0,0.0,0.0,470.34722222222223
2025-05-12 14:00:00+00:00,0.09444444444444444,1.4277777777777778,1.6416666666666666,2.725,0.36666666666666664,0.0,469.72777777777776
2025-05-12 15:00:00+00:00,0.0,0.036211699164345405,1.075208913649025,0.016713091922005572,0.0,2.6768802228412256,469.1532033426184
2025-05-12 16:00:00+00:00,12.266666666666667,17.38888888888889,39.647222222222226,62.56388888888889,49.733333333333334,67.26944444444445,6.516666666666667
2025-05-12 17:00:00+00:00,20.694444444444443,20.855555555555554,54.202777777777776,60.24166666666667,70.46666666666667,69.00555555555556,0.0
2025-05-12 18:00:00+00:00,5.938888888888889,19.5,47.24166666666667,54.74444444444445,70.25555555555556,68.73055555555555,0.0
2025-05-12 19:00:00+00:00,5.061111111111111,4.5472222222222225,8.947222222222223,57.05,57.17777777777778,67.09166666666667,0.0
2025-05-12 20:00:00+00:00,27.127777777777776,26.280555555555555,28.875,40.269444444444446,57.477777777777774,69.05555555555556,0.0
2025-05-12 21:00:00+00:00,5.347222222222222,18.883333333333333,22.5,3.475,65.51944444444445,71.51388888888889,0.0
2025-05-12 22:00:00+00:00,19.866295264623954,15.155988857938718,19.197771587743734,3.426183844011142,61.080779944289695,73.00557103064067,0.0
2025-05-12 23:00:00+00:00,0.6277777777777778,2.172222222222222,1.2472222222222222,57.397222222222226,60.425,71.75555555555556,0.0
2025-05-13 00:00:00+00:00,2.7472222222222222,6.280555555555556,17.033333333333335,38.59722222222222,44.916666666666664,74.21666666666667,0.0
2025-05-13 01:00:00+00:00,18.67222222222222,23.461111111111112,27.427777777777777,8.216666666666667,39.49166666666667,68.83888888888889,0.0
2025-05-13 02:00:00+00:00,28.06388888888889,27.372222222222224,43.483333333333334,19.241666666666667,2.433333333333333,50.06388888888889,0.0
2025-05-13 03:00:00+00:00,0.8388888888888889,13.375,20.59722222222222,28.05,9.2,18.730555555555554,0.0
2025-05-13 04:00:00+00:00,14.452777777777778,20.002777777777776,23.76388888888889,9.166666666666666,4.769444444444445,0.10277777777777777,471.10555555555555
2025-05-13 05:00:00+00:00,0.233983286908078,0.0,0.0,0.467966573816156,0.0,0.3732590529247911,475.9192200557103
2025-05-13 06:00:00+00:00,0.3333333333333333,0.75,2.422222222222222,0.0,10.747222222222222,0.0,475.60833333333335
2025-05-13 07:00:00+00:00,19.46124031007752,0.43973941368078173,11.916666666666666,24.974729241877256,11.036111111111111,2.736111111111111,459.01944444444445
2025-05-13 08:00:00+00:00,0.07777777777777778,17.002967359050444,9.370242214532873,7.627777777777778,13.928082191780822,0.24846625766871167,473.10277777777776
2025-05-13 09:00:00+00:00,0.041666666666666664,1.6,27.302777777777777,0.0,0.17777777777777778,10.036303630363037,472.0805555555556
2025-05-13 10:00:00+00:00,3.0416666666666665,0.0,2.2111111111111112,0.0,0.0,0.0,471.49444444444447
2025-05-13 11:00:00+00:00,0.8805555555555555,1.1444444444444444,2.0722222222222224,4.341666666666667,2.8472222222222223,0.0,470.875
2025-05-13 12:00:00+00:00,1.233983286908078,1.1030640668523677,0.12813370473537605,2.894150417827298,0.0,4.866295264623956,470.3342618384401
2025-05-13 13:00:00+00:00,0.95,0.05555555555555555,1.5027777777777778,0.0,0.0,0.0,469.98333333333335
2025-05-13 14:00:00+00:00,0.225,0.011111111111111112,3.138888888888889,4.133333333333334,1.8194444444444444,0.0,469.7138888888889
2025-05-13 15:00:00+00:00,0.3055555555555556,0.6166666666666667,2.6277777777777778,1.0527777777777778,0.16111111111111112,1.5194444444444444,468.9861111111111
2025-05-13 16:00:00+00:00,2.8361111111111112,10.333333333333334,16.958333333333332,48.605555555555554,46.76111111111111,55.144444444444446,6.508333333333334
2025-05-13 17:00:00+00:00,16.683333333333334,15.722222222222221,8.302777777777777,49.86944444444445,66.875,66.29722222222222,0.0
2025-05-13 18:00:00+00:00,6.472222222222222,11.786111111111111,23.288888888888888,14.175,70.66666666666667,61.59166666666667,0.0
2025-05-13 19:00:00+00:00,30.0,56.672413793103445,54.298850574712645,62.327586206896555,74.44827586206897,56.747126436781606,0.0
