Time,OG Pir,Detrended PIR,3hr Avg,24hr Avg
2025-04-25 13:00:00+00:00,0.008928571428571428,-66.63860544217687,,
2025-04-25 14:00:00+00:00,2.55,-74.23095238095239,,
2025-04-25 15:00:00+00:00,0.06111111111111111,-70.90119047619048,-70.59024943310658,
2025-04-25 16:00:00+00:00,6.825,0.0420634920634928,-48.36335978835979,
2025-04-25 17:00:00+00:00,2.422222222222222,-18.290873015873018,-29.71666666666667,
2025-04-25 18:00:00+00:00,23.56388888888889,-9.377380952380946,-9.208730158730157,
2025-04-25 19:00:00+00:00,21.623955431754876,-8.038997214484677,-11.902417060912882,
2025-04-25 20:00:00+00:00,11.775,-12.741666666666669,-10.052681611177432,
2025-04-25 21:00:00+00:00,2.975,-23.47896825396825,-14.753210711706531,
2025-04-25 22:00:00+00:00,22.658333333333335,-9.616269841269837,-15.278968253968253,
2025-04-25 23:00:00+00:00,37.8,1.0686507936507965,-10.675529100529095,
2025-04-26 00:00:00+00:00,25.025,-0.8642857142857174,-3.137301587301586,
2025-04-26 01:00:00+00:00,5.855153203342619,-17.205730202944686,-5.667121707859869,
2025-04-26 02:00:00+00:00,14.636111111111111,-7.196428571428571,-8.422148162886325,
2025-04-26 03:00:00+00:00,40.611111111111114,14.898809523809526,-3.1677830835212437,
2025-04-26 04:00:00+00:00,24.022222222222222,-65.15753968253968,-19.151719576719575,
2025-04-26 05:00:00+00:00,4.075,-73.63650793650793,-41.2984126984127,
2025-04-26 06:00:00+00:00,0.0,-72.0547619047619,-70.2829365079365,
2025-04-26 07:00:00+00:00,4.861111111111111,-70.46587301587302,-72.05238095238094,
2025-04-26 08:00:00+00:00,7.512534818941504,-63.86987664146439,-68.79683718736642,
2025-04-26 09:00:00+00:00,0.3055555555555556,-74.77222222222223,-69.70265729318653,
2025-04-26 10:00:00+00:00,14.738888888888889,-61.22103174603175,-66.62104353657278,
2025-04-26 11:00:00+00:00,0.0,-71.43968253968254,-69.14431216931216,
2025-04-26 12:00:00+00:00,6.019444444444445,-67.61785714285715,-66.7595238095238,-38.45029907312662
2025-04-26 13:00:00+00:00,5.169444444444444,-70.93055555555557,-69.99603174603175,-38.62913032785073
2025-04-26 14:00:00+00:00,1.4,-70.21468253968253,-69.5876984126984,-38.46178575113115
2025-04-26 15:00:00+00:00,0.008356545961002786,-74.57859132510941,-71.90794314011583,-38.61501078650278
2025-04-26 16:00:00+00:00,6.338888888888889,-6.853571428571428,-50.54894843112111,-38.9023289081959
2025-04-26 17:00:00+00:00,5.488888888888889,-26.204365079365083,-35.8788426110153,-39.23205774417473
2025-04-26 18:00:00+00:00,15.244444444444444,-26.043253968253968,-19.70039682539682,-39.926469119836106
2025-04-26 19:00:00+00:00,10.011111111111111,-33.158730158730165,-28.468783068783065,-40.973124659179675
2025-04-26 20:00:00+00:00,10.930555555555555,-28.862301587301587,-29.354761904761897,-41.64481778087279
2025-04-26 21:00:00+00:00,25.394444444444446,-11.565873015873017,-24.528968253968248,-41.14843881261883
2025-04-26 22:00:00+00:00,24.994444444444444,-16.01706349206349,-18.815079365079356,-41.41513854806856
2025-04-26 23:00:00+00:00,11.328690807799443,-19.931555909271783,-15.838164139069422,-42.29014716069033
2025-04-27 00:00:00+00:00,20.766666666666666,-5.755555555555556,-13.901391652296937,-42.493950070743246
2025-04-27 01:00:00+00:00,2.852777777777778,-19.693253968253963,-15.12678847769376,-42.5975968942978
2025-04-27 02:00:00+00:00,16.408333333333335,-23.357142857142858,-16.268650793650785,-43.270959989535896
2025-04-27 03:00:00+00:00,13.691666666666666,-7.723015873015871,-16.92447089947089,-44.21353604773696
2025-04-27 04:00:00+00:00,26.258333333333333,-53.98095238095238,-28.353703703703697,-43.74784491017081
2025-04-27 05:00:00+00:00,0.06406685236768803,-72.74174293672901,-44.815237063565746,-43.71056303518003
2025-04-27 06:00:00+00:00,0.2833333333333333,-71.20357142857142,-65.97542224875093,-43.67509676533876
2025-04-27 07:00:00+00:00,11.991666666666667,-64.30833333333334,-69.41788256621125,-43.4185326118996
2025-04-27 08:00:00+00:00,2.2,-71.52222222222221,-69.01137566137565,-43.73738034443118
2025-04-27 09:00:00+00:00,10.469444444444445,-61.8484126984127,-65.8929894179894,-43.198888280939116
2025-04-27 10:00:00+00:00,4.833333333333333,-66.89047619047619,-66.75370370370369,-43.43511513279097
2025-04-27 11:00:00+00:00,0.013888888888888888,-70.12896825396825,-66.28928571428571,-43.38050203755287
2025-04-27 12:00:00+00:00,0.013927576601671309,-71.04496617588539,-69.35480354010994,-43.52329824726238
2025-04-27 13:00:00+00:00,4.9,-67.20753968253968,-69.46049137079775,-43.368172585886725
2025-04-27 14:00:00+00:00,0.03888888888888889,-71.54841269841269,-69.9336395189459,-43.42374467583381
2025-04-27 15:00:00+00:00,12.858333333333333,-60.80317460317461,-66.51970899470898,-42.84976897908653
2025-04-27 16:00:00+00:00,1.9333333333333333,-23.644444444444442,-51.99867724867724,-43.54938868808123
2025-04-27 17:00:00+00:00,18.752777777777776,-24.992460317460317,-36.48002645502645,-43.49889265633521
2025-04-27 18:00:00+00:00,28.65277777777778,-0.5071428571428562,-16.381349206349196,-42.43488802670558
2025-04-27 19:00:00+00:00,13.699164345403899,-23.922403501790683,-16.47400222546461,-42.05004108266643
2025-04-27 20:00:00+00:00,21.8,-20.020634920634915,-14.816727093189476,-41.68163830488865
2025-04-27 21:00:00+00:00,21.944444444444443,-10.699603174603176,-18.21421386567625,-41.64554372816907
2025-04-27 22:00:00+00:00,11.05,-18.45753968253968,-16.39259259259258,-41.74723023610558
2025-04-27 23:00:00+00:00,26.05,1.68888888888889,-9.156084656084646,-40.846378369515556
2025-04-28 00:00:00+00:00,0.8111111111111111,-6.224603174603175,-7.664417989417978,-40.865922020309206
2025-04-28 01:00:00+00:00,17.96100278551532,-12.73139673696777,-5.755703674227342,-40.57584463567228
2025-04-28 02:00:00+00:00,31.566666666666666,5.3912698412698425,-4.521576690100358,-39.377994106571755
2025-04-28 03:00:00+00:00,6.147222222222222,-12.519841269841272,-6.619989388513058,-39.57786183143947
2025-04-28 04:00:00+00:00,9.477777777777778,-66.43253968253967,-24.520370370370358,-40.09667796900562
2025-04-28 05:00:00+00:00,0.0,-76.30555555555556,-51.75264550264549,-40.24517016145672
2025-04-28 06:00:00+00:00,4.133333333333334,-66.51230158730158,-69.75013227513226,-40.049700584737145
2025-04-28 07:00:00+00:00,0.6694444444444444,-70.61190476190475,-71.14325396825396,-40.312349394260956
2025-04-28 08:00:00+00:00,1.2361111111111112,-74.96230158730158,-70.69550264550263,-40.45568603447259
2025-04-28 09:00:00+00:00,0.0,-69.76840429765221,-71.78087021561952,-40.78568568444091
2025-04-28 10:00:00+00:00,4.397222222222222,-67.29285714285714,-70.6745210092703,-40.80245155745678
2025-04-28 11:00:00+00:00,0.05,-73.17063492063492,-70.0772987870481,-40.929187668567884
2025-04-28 12:00:00+00:00,0.027777777777777776,-70.10515873015873,-70.18955026455025,-40.89002902499595
2025-04-28 13:00:00+00:00,0.6333333333333333,-69.5547619047619,-70.9435185185185,-40.98782995092187
2025-04-28 14:00:00+00:00,0.11944444444444445,-70.10119047619048,-69.92037037037036,-40.92752902499595
2025-04-28 15:00:00+00:00,2.341666666666667,-67.62539682539682,-69.09378306878305,-41.211788284255206
2025-04-28 16:00:00+00:00,10.272980501392757,-19.397532829287698,-52.37470671029166,-41.03483363362367
2025-04-28 17:00:00+00:00,29.136111111111113,-16.84325396825397,-34.62206120764615,-40.69528336907341
2025-04-28 18:00:00+00:00,5.727777777777778,-30.827380952380953,-22.356055916640866,-41.95862662304166
2025-04-28 19:00:00+00:00,18.916666666666668,-12.688492063492063,-20.119708994708986,-41.49054697977922
2025-04-28 20:00:00+00:00,7.008333333333334,-31.779365079365085,-25.09841269841269,-41.98049406972631
2025-04-28 21:00:00+00:00,37.63333333333333,-2.9515873015873026,-15.806481481481475,-41.65766007501731
2025-04-28 22:00:00+00:00,4.088888888888889,-25.328174603174606,-20.01970899470899,-41.94393653004377
2025-04-28 23:00:00+00:00,28.105849582172702,-0.6904098686828455,-9.656723924481575,-42.04307397827593
2025-04-29 00:00:00+00:00,2.316666666666667,-15.474206349206348,-13.830930273687924,-42.42847411055106
2025-04-29 01:00:00+00:00,17.497222222222224,-10.42222222222222,-8.86227948003713,-42.33225850576999
2025-04-29 02:00:00+00:00,10.71111111111111,-15.740476190476189,-13.878968253968244,-43.212747923759416
2025-04-29 03:00:00+00:00,11.794444444444444,-2.8956349206349206,-9.686111111111101,-42.81173932587581
2025-04-29 04:00:00+00:00,28.269444444444446,-50.99404761904762,-23.210052910052898,-42.16846882323031
2025-04-29 05:00:00+00:00,0.2200557103064067,-69.7158774373259,-41.20185332566947,-41.89389890163741
2025-04-29 06:00:00+00:00,0.08611111111111111,-70.73690476190477,-63.81560993942609,-42.06992403391254
2025-04-29 07:00:00+00:00,6.794444444444444,-65.64007936507937,-68.69762052143666,-41.86276464237815
2025-04-29 08:00:00+00:00,0.019444444444444445,-69.87777777777778,-68.75158730158729,-41.65090948364799
2025-04-29 09:00:00+00:00,7.016666666666667,-64.71825396825398,-66.74537037037037,-41.4404865532564
2025-04-29 10:00:00+00:00,0.0,-68.85992063492064,-67.81865079365078,-41.50578086542571
2025-04-29 11:00:00+00:00,0.14444444444444443,-68.35119047619047,-67.30978835978836,-41.30497068024053
2025-04-29 12:00:00+00:00,0.18662952646239556,-69.99960206923996,-69.07023772678367,-41.30057248603558
2025-04-29 13:00:00+00:00,1.9222222222222223,-67.92619047619048,-68.7589943405403,-41.232715343178434
2025-04-29 14:00:00+00:00,0.10277777777777777,-69.57380952380953,-69.16653402307998,-41.21074113682923
2025-04-29 15:00:00+00:00,6.427777777777778,-66.43571428571428,-67.97857142857141,-41.161171031009125
2025-04-29 16:00:00+00:00,15.452777777777778,-20.798809523809524,-52.269444444444446,-41.21955755994753
2025-04-29 17:00:00+00:00,24.266666666666666,-21.785714285714285,-36.340079365079355,-41.42549340650838
2025-04-29 18:00:00+00:00,17.322222222222223,-26.63531746031746,-23.073280423280412,-41.250824094339066
2025-04-29 19:00:00+00:00,11.50974930362117,-22.50019896538003,-23.640410237137246,-41.65964521525107
2025-04-29 20:00:00+00:00,21.375,-24.04642857142857,-24.39398166570868,-41.33743952742038
2025-04-29 21:00:00+00:00,18.336111111111112,-21.330158730158733,-22.625595422322434,-42.10321333694419
2025-04-29 22:00:00+00:00,12.122222222222222,-22.055952380952384,-22.477513227513217,-41.966870744351596
2025-04-29 23:00:00+00:00,7.402777777777778,-22.524206349206352,-21.970105820105815,-42.87661226437341
2025-04-30 00:00:00+00:00,8.052777777777777,-19.564285714285717,-21.381481481481476,-43.04703223791838
2025-04-30 01:00:00+00:00,8.32033426183844,-14.919220055710305,-19.00257070640078,-43.234407147647055
2025-04-30 02:00:00+00:00,21.008333333333333,-0.7535714285714263,-11.745692399522474,-42.60995278256768
2025-04-30 03:00:00+00:00,17.927777777777777,5.635317460317458,-3.3458246746547484,-42.25449643336134
2025-04-30 04:00:00+00:00,18.75,-57.18373015873017,-17.433994708994703,-42.51239987251478
2025-04-30 05:00:00+00:00,0.016666666666666666,-70.15912698412698,-40.56917989417989,-42.53086860363149
2025-04-30 06:00:00+00:00,0.6972222222222222,-71.52976190476191,-66.290873015873,-42.563904317917206
2025-04-30 07:00:00+00:00,2.9444444444444446,-67.62698412698413,-69.77195767195767,-42.6466920163299
2025-04-30 08:00:00+00:00,0.036211699164345405,-68.93473935535218,-69.36382846236606,-42.60739874872883
2025-04-30 09:00:00+00:00,3.088888888888889,-66.1313492063492,-67.56435756289515,-42.6662777169828
2025-04-30 10:00:00+00:00,0.0,-71.79563492063492,-68.95390782744543,-42.78859914555423
2025-04-30 11:00:00+00:00,0.48333333333333334,-69.5281746031746,-69.15171957671957,-42.83764015084523
2025-04-30 12:00:00+00:00,0.425,-68.62579365079365,-69.98320105820103,-42.78039813340998
2025-04-30 13:00:00+00:00,0.058333333333333334,-69.69682539682539,-69.28359788359786,-42.85417458843643
2025-04-30 14:00:00+00:00,7.677777777777778,-64.91071428571429,-67.74444444444443,-42.65987895351579
2025-04-30 15:00:00+00:00,0.2590529247910863,-68.68444090728214,-67.76399352994059,-42.75357589608112
2025-04-30 16:00:00+00:00,12.877777777777778,-22.12380952380952,-51.90632157226864,-42.80878422941445
2025-04-30 17:00:00+00:00,20.3,-24.703968253968252,-38.50407289501995,-42.93037814475837
2025-04-30 18:00:00+00:00,10.13888888888889,-31.286507936507935,-26.038095238095224,-43.124177747932976
2025-04-30 19:00:00+00:00,2.3305555555555557,-39.39325396825397,-31.794576719576707,-43.82805503971938
2025-04-30 20:00:00+00:00,24.680555555555557,-20.055158730158723,-30.24497354497353,-43.661752129666475
2025-04-30 21:00:00+00:00,7.0472222222222225,-24.08214285714285,-27.843518518518504,-43.77641813495748
2025-04-30 22:00:00+00:00,14.894150417827298,-9.742538798249104,-17.959946795183544,-43.26335923567817
2025-04-30 23:00:00+00:00,0.8083333333333333,-32.44126984126984,-22.08865049888725,-43.67657021451416
2025-05-01 00:00:00+00:00,16.97222222222222,-11.186111111111114,-17.789973250210007,-43.32747960604855
2025-05-01 01:00:00+00:00,15.191666666666666,-15.556349206349203,-19.727910052910044,-43.35402665399184
2025-05-01 02:00:00+00:00,26.85,-2.542857142857141,-9.761772486772474,-43.428580225420404
2025-05-01 03:00:00+00:00,5.711111111111111,-7.75674603174603,-8.61865079365078,-43.98658287092305
2025-05-01 04:00:00+00:00,17.33426183844011,-58.86549940310387,-23.055034192569,-44.056656589438624
2025-05-01 05:00:00+00:00,0.005555555555555556,-68.99563492063491,-45.20596011849492,-44.00817775345979
2025-05-01 06:00:00+00:00,0.6611111111111111,-70.89761904761905,-66.2529177904526,-43.9818384677455
2025-05-01 07:00:00+00:00,7.155555555555556,-67.51587301587303,-69.13637566137565,-43.97720883811587
2025-05-01 08:00:00+00:00,0.011111111111111112,-68.81904761904762,-69.07751322751322,-43.97238834910318
2025-05-01 09:00:00+00:00,0.6555555555555556,-68.21944444444445,-68.18478835978834,-44.05939231735715
2025-05-01 10:00:00+00:00,0.41944444444444445,-70.06349206349206,-69.0339947089947,-43.98721969830953
2025-05-01 11:00:00+00:00,3.715877437325905,-65.69996020692399,-67.9942989049535,-43.82771076513242
2025-05-01 12:00:00+00:00,0.0,-68.1920634920635,-67.9851719208265,-43.80963867518533
2025-05-01 13:00:00+00:00,0.16111111111111112,-68.19484126984126,-67.3622883229429,-43.74705600322766
2025-05-01 14:00:00+00:00,0.7166666666666667,-68.99642857142857,-68.4611111111111,-43.91729409846575
2025-05-01 15:00:00+00:00,0.3972222222222222,-67.53888888888889,-68.24338624338623,-43.86956276436604
2025-05-01 16:00:00+00:00,33.18333333333333,-12.114285714285714,-49.54986772486771,-43.45249927230254
2025-05-01 17:00:00+00:00,29.87743732590529,-18.244329486669322,-32.6325013632813,-43.18334765699842
2025-05-01 18:00:00+00:00,0.6111111111111112,-42.23968253968254,-24.199432580212513,-43.6397299321307
2025-05-01 19:00:00+00:00,11.780555555555555,-29.2781746031746,-29.920728876508807,-43.21826829191906
2025-05-01 20:00:00+00:00,5.725,-32.83571428571429,-34.7845238095238,-43.75079144006721
2025-05-01 21:00:00+00:00,11.3,-10.631349206349206,-24.248412698412682,-43.190341704617474
2025-05-01 22:00:00+00:00,18.81388888888889,-12.624206349206347,-18.697089947089932,-43.310411185907356
2025-05-01 23:00:00+00:00,0.6611111111111111,-17.312301587301587,-13.522619047619031,-42.68003750865868
2025-05-02 00:00:00+00:00,1.4233983286908078,-20.384401114206124,-16.773636350238004,-43.06329959212098
2025-05-02 01:00:00+00:00,25.991666666666667,1.753968253968253,-11.980911482513138,-42.34203636460774
2025-05-02 02:00:00+00:00,5.138888888888889,-13.063888888888886,-10.564773916375572,-42.78041268735907
2025-05-02 03:00:00+00:00,1.5138888888888888,-17.31984126984127,-9.543253968253953,-43.17887498894637
2025-05-02 04:00:00+00:00,6.711111111111111,-71.02420634920635,-33.80264550264549,-43.6854877783673
2025-05-02 05:00:00+00:00,12.733333333333333,-58.016269841269846,-48.786772486772485,-43.228014233393765
2025-05-02 06:00:00+00:00,0.0,-70.2984480700358,-66.44630808683732,-43.20304877599446
2025-05-02 07:00:00+00:00,3.388888888888889,-66.70119047619048,-65.00530279583202,-43.16910367017436
2025-05-02 08:00:00+00:00,0.7972222222222223,-70.05079365079366,-69.01681073233998,-43.22042642149711
2025-05-02 09:00:00+00:00,0.0,-68.32857142857144,-68.36018518518517,-43.224973379169064
2025-05-02 10:00:00+00:00,6.413888888888889,-63.273015873015865,-67.21746031746032,-42.94203687123255
2025-05-02 11:00:00+00:00,0.0,-67.83849206349205,-66.48002645502645,-43.03114236525622
2025-05-02 12:00:00+00:00,0.21388888888888888,-68.68333333333332,-66.5982804232804,-43.0516119419758
2025-05-02 13:00:00+00:00,0.479108635097493,-68.2140867489057,-68.24530404857701,-43.052413836936815
2025-05-02 14:00:00+00:00,0.9694444444444444,-67.73452380952381,-68.21064796392092,-42.99983447185745
2025-05-02 15:00:00+00:00,0.6527777777777778,-67.80119047619048,-67.91660034487332,-43.010763704661684
2025-05-02 16:00:00+00:00,31.741666666666667,-16.902380952380952,-50.8126984126984,-43.210267672915656
2025-05-02 17:00:00+00:00,42.952777777777776,-9.605952380952381,-31.436507936507923,-42.85033529351079
2025-05-02 18:00:00+00:00,14.411111111111111,-31.345634920634915,-19.284656084656067,-42.39641664271713
2025-05-02 19:00:00+00:00,2.286111111111111,-40.37698412698413,-27.109523809523793,-42.85886703954253
2025-05-02 20:00:00+00:00,31.47632311977716,-9.728213290887386,-27.15027744616879,-41.89605449809141
2025-05-02 21:00:00+00:00,6.863888888888889,-31.913095238095238,-27.339430885322233,-42.78279391608083
2025-05-02 22:00:00+00:00,20.469444444444445,-8.837698412698412,-16.826335647226998,-42.62502275205966
2025-05-02 23:00:00+00:00,3.908333333333333,-34.02142857142857,-24.92407407407406,-43.32123637639828
2025-05-03 00:00:00+00:00,6.811111111111111,-27.978571428571428,-23.612566137566123,-43.63766013949684
2025-05-03 01:00:00+00:00,18.288888888888888,-8.991269841269848,-23.6637566137566,-44.085378393465085
2025-05-03 02:00:00+00:00,5.347222222222222,-7.719444444444444,-14.896428571428558,-43.8626932082799
2025-05-03 03:00:00+00:00,12.94150417827298,-4.236768802228413,-6.982494362647554,-43.31756518879604
2025-05-03 04:00:00+00:00,12.61111111111111,-63.99325396825395,-25.316489071642255,-43.02460883958969
2025-05-03 05:00:00+00:00,0.08888888888888889,-68.89325396825397,-45.707758912912105,-43.47781651154736
2025-05-03 06:00:00+00:00,2.188888888888889,-68.37579365079365,-67.08743386243385,-43.3977059107456
2025-05-03 07:00:00+00:00,3.466666666666667,-68.95555555555555,-68.74153439153437,-43.491637789052476
2025-05-03 08:00:00+00:00,0.1,-67.6373015873016,-68.32288359788357,-43.39107561974031
2025-05-03 09:00:00+00:00,1.5527777777777778,-67.13769841269841,-67.91018518518517,-43.3414559107456
2025-05-03 10:00:00+00:00,0.016713091922005572,-69.10226820533228,-67.95908940177742,-43.58434142459212
2025-05-03 11:00:00+00:00,0.23333333333333334,-68.16428571428571,-68.13475077743878,-43.597916160041855
2025-05-03 12:00:00+00:00,0.13055555555555556,-67.21428571428571,-68.16027987796788,-43.53670584258154
2025-05-03 13:00:00+00:00,0.4166666666666667,-69.14444444444445,-68.1743386243386,-43.575470746562324
2025-05-03 14:00:00+00:00,0.13333333333333333,-68.45039682539682,-68.26970899470898,-43.605298788890366
2025-05-03 15:00:00+00:00,0.36944444444444446,-68.57261904761906,-68.72248677248676,-43.63744164603322
2025-05-03 16:00:00+00:00,29.127777777777776,-15.400396825396829,-50.80780423280422,-43.574858974075546
2025-05-03 17:00:00+00:00,46.401114206128135,-9.039395145244725,-31.004137006086854,-43.55125242258773
2025-05-03 18:00:00+00:00,30.369444444444444,-20.944444444444446,-15.128078805028652,-43.1178694860798
2025-05-03 19:00:00+00:00,18.733333333333334,-29.26071428571428,-19.74818462513447,-42.654691576026885
2025-05-03 20:00:00+00:00,1.8388888888888888,-41.40158730158729,-30.53558201058199,-43.97441549313938
2025-05-03 21:00:00+00:00,11.883333333333333,-24.29206349206349,-31.651455026455007,-43.65687250372139
2025-05-03 22:00:00+00:00,23.461111111111112,-16.528968253968248,-27.40753968253966,-43.97734208044096
2025-05-03 23:00:00+00:00,0.28055555555555556,-24.901190476190475,-21.90740740740739,-43.59733215980605
2025-05-04 00:00:00+00:00,2.905292479108635,-18.957819339434934,-20.129326023197873,-43.22146748942536
2025-05-04 01:00:00+00:00,16.219444444444445,-14.716666666666665,-19.525225494097345,-43.460025690483555
2025-05-04 02:00:00+00:00,3.4916666666666667,-20.58571428571429,-18.086733430605282,-43.99612026720313
2025-05-04 03:00:00+00:00,22.391666666666666,4.467063492063492,-10.27843915343914,-43.633460588274296
2025-05-04 04:00:00+00:00,17.961111111111112,-55.198809523809516,-23.772486772486758,-43.26702540308912
2025-05-04 05:00:00+00:00,0.4083333333333333,-69.15555555555555,-39.96243386243385,-43.27795463589336
2025-05-04 06:00:00+00:00,0.03899721448467967,-71.55630720254676,-65.30355742730393,-43.410476033883064
2025-05-04 07:00:00+00:00,0.5361111111111111,-67.34126984126983,-69.35104419979069,-43.34321412912116
2025-05-04 08:00:00+00:00,7.736111111111111,-65.39404761904761,-68.09720822095473,-43.24974521377724
2025-05-04 09:00:00+00:00,0.0,-70.74563492063491,-67.8269841269841,-43.40007590160793
2025-05-04 10:00:00+00:00,12.106741573033707,-61.74478330658106,-65.96148861542117,-43.09351403082663
2025-05-04 11:00:00+00:00,0.4777777777777778,-67.05119047619048,-66.51386956780213,-43.047135062572664
2025-05-04 12:00:00+00:00,0.0,-69.2984126984127,-66.03146216039474,-43.13397368691128
2025-05-04 13:00:00+00:00,0.06406685236768803,-68.55033824114605,-68.2999804719164,-43.10921926177386
2025-05-04 14:00:00+00:00,0.7,-67.37261904761904,-68.40712332905925,-43.06431185436645
2025-05-04 15:00:00+00:00,1.086111111111111,-68.47936507936508,-68.13410745604338,-43.06042627235587
2025-05-04 16:00:00+00:00,20.336111111111112,-22.588492063492065,-52.81349206349205,-43.359930240609835
2025-05-04 17:00:00+00:00,9.45,-36.082936507936495,-42.38359788359787,-44.48674446405533
2025-05-04 18:00:00+00:00,34.08611111111111,-18.700000000000003,-25.79047619047618,-44.393225945536805
2025-05-04 19:00:00+00:00,20.344444444444445,-22.049603174603174,-25.61084656084655,-44.092762982573845
2025-05-04 20:00:00+00:00,1.8,-37.75079365079365,-26.166798941798934,-43.94064658045744
2025-05-04 21:00:00+00:00,5.766016713091922,-35.86072423398329,-31.887040353126697,-44.42267411137076
2025-05-04 22:00:00+00:00,3.6166666666666667,-29.919444444444444,-34.51032077640712,-44.98061061930728
2025-05-04 23:00:00+00:00,1.0972222222222223,-28.78492063492064,-31.521696437782783,-45.142432709254365
2025-05-05 00:00:00+00:00,10.325,-22.683333333333334,-27.129232804232796,-45.29766245900013
2025-05-05 01:00:00+00:00,25.919444444444444,-1.7230158730158713,-17.73042328042327,-44.75626034259801
2025-05-05 02:00:00+00:00,10.352777777777778,-12.098809523809521,-12.168386243386232,-44.40263931085199
2025-05-05 03:00:00+00:00,8.041782729805014,-2.3955431754874663,-5.405789524104276,-44.688581255333276
2025-05-05 04:00:00+00:00,13.275,-59.5015873015873,-24.665313333628088,-44.86786366274068
2025-05-05 05:00:00+00:00,0.05,-70.10873015873017,-44.0019535452683,-44.90757927120629
2025-05-05 06:00:00+00:00,11.314447592067989,-60.338013175052836,-63.31611021179009,-44.440150353394046
2025-05-05 07:00:00+00:00,22.885057471264368,-73.65741310996725,-68.03471881458341,-44.70332298958977
2025-05-05 08:00:00+00:00,2.05,-66.7638888888889,-66.91977172463632,-44.760399709166485
2025-05-05 09:00:00+00:00,0.008333333333333333,-69.3690476190476,-69.93011653930124,-44.703041904933684
2025-05-05 10:00:00+00:00,0.5515320334261838,-67.14285714285715,-67.75859788359787,-44.927961648111854
2025-05-05 11:00:00+00:00,0.05277777777777778,-70.4202380952381,-68.97738095238094,-45.06833863223884
2025-05-05 12:00:00+00:00,1.6305555555555555,-67.14007936507936,-68.23439153439153,-44.97840807668329
2025-05-05 13:00:00+00:00,0.9833333333333333,-67.15039682539683,-68.23690476190475,-44.920077184360395
2025-05-05 14:00:00+00:00,3.363888888888889,-65.00119047619047,-66.43055555555554,-44.82126766055088
2025-05-05 15:00:00+00:00,0.03611111111111111,-67.87420634920636,-66.67526455026454,-44.79605271346093
2025-05-05 16:00:00+00:00,10.344444444444445,-27.351984126984124,-53.40912698412698,-44.99453154943976
2025-05-05 17:00:00+00:00,11.242339832869082,-29.591723040191003,-41.60597117212715,-44.72406432161703
2025-05-05 18:00:00+00:00,18.961111111111112,-23.937698412698413,-26.960468526624506,-44.94230175547947
2025-05-05 19:00:00+00:00,33.794444444444444,-13.037301587301585,-22.18890768006366,-44.566789189341904
2025-05-05 20:00:00+00:00,10.341666666666667,-30.83888888888889,-22.604629629629617,-44.278793157595864
2025-05-05 21:00:00+00:00,10.897222222222222,-16.35753968253968,-20.077910052910042,-43.466160467952385
2025-05-05 22:00:00+00:00,0.7833333333333333,-11.364285714285716,-19.52023809523809,-42.693028854195774
2025-05-05 23:00:00+00:00,14.197222222222223,-5.194444444444446,-10.97208994708994,-41.710092346259266
2025-05-06 00:00:00+00:00,0.7910863509749304,-25.157580580978912,-13.905436913236349,-41.81318598157783
2025-05-06 01:00:00+00:00,3.011111111111111,-13.492063492063492,-14.614696172495607,-42.30356296570482
2025-05-06 02:00:00+00:00,19.488888888888887,-3.0170634920634924,-13.888902521701956,-41.92515688104873
2025-05-06 03:00:00+00:00,15.691666666666666,1.147222222222224,-5.12063492063491,-41.77754165614416
2025-05-06 04:00:00+00:00,9.547222222222222,-64.00555555555556,-21.958465608465602,-41.9652070000595
2025-05-06 05:00:00+00:00,2.6777777777777776,-66.6170634920635,-43.158465608465605,-41.819720888948396
2025-05-06 06:00:00+00:00,1.8972222222222221,-69.20198412698413,-66.60820105820106,-42.18905301194553
2025-05-06 07:00:00+00:00,0.39275766016713093,-67.43971348985276,-67.75292036963346,-41.92998219444076
2025-05-06 08:00:00+00:00,1.2055555555555555,-68.50317460317461,-68.38162407333716,-42.002452432535996
2025-05-06 09:00:00+00:00,0.019444444444444445,-68.825,-68.25596269767578,-41.97978378174235
2025-05-06 10:00:00+00:00,0.08611111111111111,-69.08174603174602,-68.80330687830688,-42.06057081877938
2025-05-06 11:00:00+00:00,3.2944444444444443,-65.7186507936508,-67.87513227513227,-41.86467134787991
2025-05-06 12:00:00+00:00,0.2111111111111111,-69.43452380952381,-68.07830687830688,-41.960273199731766
2025-05-06 13:00:00+00:00,0.05,-68.41785714285714,-67.85701058201057,-42.01308404629261
2025-05-06 14:00:00+00:00,2.7910863509749304,-65.44807003581377,-67.7668169960649,-42.03170402794358
2025-05-06 15:00:00+00:00,0.0,-68.19404761904761,-67.35332493257283,-42.0450307475203
2025-05-06 16:00:00+00:00,19.969444444444445,-21.99722222222223,-51.879779959027864,-41.82191566815522
2025-05-06 17:00:00+00:00,27.233333333333334,-22.066269841269843,-37.41917989417989,-41.50835511820018
2025-05-06 18:00:00+00:00,7.791666666666667,-35.167460317460325,-26.41031746031746,-41.97626186423192
2025-05-06 19:00:00+00:00,0.6861111111111111,-38.00357142857143,-31.745767195767197,-43.01652310761816
2025-05-06 20:00:00+00:00,17.355555555555554,-14.495238095238097,-29.222089947089945,-42.33553765788272
2025-05-06 21:00:00+00:00,27.194986072423397,-5.32311977715878,-19.2739764336561,-41.87577016182518
2025-05-06 22:00:00+00:00,1.85,-27.79642857142857,-15.871595481275145,-42.5604427808728
2025-05-06 23:00:00+00:00,14.075,-6.419444444444444,-13.179664264343927,-42.61148444753946
2025-05-07 00:00:00+00:00,6.019444444444445,-20.878968253968253,-18.364947089947083,-42.43320893391402
2025-05-07 01:00:00+00:00,5.2555555555555555,-10.454761904761902,-12.584391534391528,-42.306654701109785
2025-05-07 02:00:00+00:00,10.505555555555556,-3.0555555555555554,-11.463095238095233,-42.308258537088626
2025-05-07 03:00:00+00:00,17.03611111111111,-6.006349206349206,-6.50555555555555,-42.6063240132791
2025-05-07 04:00:00+00:00,20.493036211699163,-56.84759251890172,-21.969832426935493,-42.308075553418526
2025-05-07 05:00:00+00:00,1.7944444444444445,-67.60912698412697,-43.48768956979262,-42.3494115322545
2025-05-07 06:00:00+00:00,0.5222222222222223,-70.47777777777777,-64.97816576026882,-42.40256960103757
2025-05-07 07:00:00+00:00,0.33611111111111114,-69.46468253968254,-69.18386243386242,-42.48694331144714
2025-05-07 08:00:00+00:00,2.411111111111111,-66.1654761904762,-68.7026455026455,-42.38953921091804
2025-05-07 09:00:00+00:00,0.0,-71.64563492063492,-69.0919312169312,-42.507065665944495
2025-05-07 10:00:00+00:00,7.480555555555555,-61.226984126984135,-66.34603174603174,-42.17978391991275
2025-05-07 11:00:00+00:00,0.005571030640668524,-67.69876641464384,-66.85712848742095,-42.26228873745413
2025-05-07 12:00:00+00:00,0.019444444444444445,-70.60039682539683,-66.50871578900826,-42.31086677978217
2025-05-07 13:00:00+00:00,0.08055555555555556,-68.50238095238096,-68.93384806414055,-42.314388605179
2025-05-07 14:00:00+00:00,1.4638888888888888,-67.51547619047619,-68.87275132275131,-42.40053052828993
2025-05-07 15:00:00+00:00,0.4444444444444444,-67.13452380952381,-67.71746031746032,-42.356383702893105
2025-05-07 16:00:00+00:00,18.97222222222222,-24.266666666666673,-52.97222222222222,-42.45094388807829
2025-05-07 17:00:00+00:00,18.515320334261837,-29.327894946279343,-40.2430284741566,-42.75351160078702
2025-05-07 18:00:00+00:00,17.63888888888889,-23.400000000000002,-25.664853870982,-42.26320075422617
2025-05-07 19:00:00+00:00,3.3027777777777776,-37.32936507936508,-30.019086675214805,-42.23510882300924
2025-05-07 20:00:00+00:00,14.091666666666667,-22.742460317460306,-27.823941798941792,-42.578743082268495
2025-05-07 21:00:00+00:00,30.552777777777777,-8.856746031746034,-22.97619047619047,-42.725977509542965
2025-05-07 22:00:00+00:00,0.5777777777777777,-18.828968253968252,-16.809391534391526,-42.35233332964879
2025-05-07 23:00:00+00:00,11.480555555555556,-12.542063492063493,-13.409259259259258,-42.60744245663292
2025-05-08 00:00:00+00:00,1.2305555555555556,-20.913888888888888,-17.428306878306874,-42.608897483087944
2025-05-08 01:00:00+00:00,10.618384401114206,-7.911261440509353,-13.789071273820573,-42.50291829707742
2025-05-08 02:00:00+00:00,18.322222222222223,-6.3845238095238095,-11.736558046307346,-42.64162530765943
2025-05-08 03:00:00+00:00,7.75,-7.75873015873016,-7.351505136254438,-42.7146411806753
2025-05-08 04:00:00+00:00,14.727777777777778,-61.013492063492066,-25.052248677248674,-42.888220328366565
2025-05-08 05:00:00+00:00,0.9527777777777777,-67.19166666666666,-45.32129629629629,-42.87082614847239
2025-05-08 06:00:00+00:00,0.4583333333333333,-71.10515873015873,-66.43677248677248,-42.89696702148826
2025-05-08 07:00:00+00:00,18.14782608695652,-78.25068468109089,-72.18250335930543,-43.26305044404694
2025-05-08 08:00:00+00:00,0.008356545961002786,-70.74293672900914,-73.36626004675293,-43.45377796648582
2025-05-08 09:00:00+00:00,1.5333333333333334,-66.8170634920635,-71.93689496738784,-43.25258749029533
2025-05-08 10:00:00+00:00,0.3416666666666667,-68.73650793650793,-68.76550271919352,-43.56548431569217
2025-05-08 11:00:00+00:00,1.511111111111111,-66.98650793650793,-67.51335978835978,-43.53580687910317
2025-05-08 12:00:00+00:00,0.10833333333333334,-70.08373015873016,-68.60224867724868,-43.51427910132539
2025-05-08 13:00:00+00:00,0.9694444444444444,-67.16190476190476,-68.07738095238095,-43.458425926722214
2025-05-08 14:00:00+00:00,0.7055555555555556,-67.06269841269841,-68.10277777777777,-43.439560185981485
2025-05-08 15:00:00+00:00,2.902506963788301,-65.78034222045363,-66.66831513168559,-43.383135953103555
2025-05-08 16:00:00+00:00,6.961111111111111,-32.23531746031746,-55.02611936448983,-43.71516306950567
2025-05-08 17:00:00+00:00,27.341666666666665,-18.964682539682553,-38.99344740681788,-43.283362552564135
2025-05-08 18:00:00+00:00,24.772222222222222,-24.28650793650794,-25.16216931216931,-43.32030038325197
2025-05-08 19:00:00+00:00,31.51388888888889,-16.610317460317457,-19.95383597883598,-42.45700673245832
2025-05-08 20:00:00+00:00,3.786111111111111,-26.133333333333336,-22.343386243386238,-42.59829310811969
2025-05-08 21:00:00+00:00,3.2777777777777777,-34.893253968253966,-25.87896825396825,-43.68314760547418
2025-05-08 22:00:00+00:00,11.986072423398328,-16.957023477914838,-25.99453692650071,-43.60514990647196
2025-05-08 23:00:00+00:00,14.966666666666667,-11.502777777777775,-21.117685074648854,-43.561846335043384
2025-05-09 00:00:00+00:00,1.7055555555555555,-23.432936507936507,-17.297579254543034,-43.66680665250371
2025-05-09 01:00:00+00:00,14.955555555555556,-12.804761904761904,-15.913492063492058,-43.8707025051809
2025-05-09 02:00:00+00:00,4.4222222222222225,-18.879365079365073,-18.37235449735449,-44.39132089142428
2025-05-09 03:00:00+00:00,17.29722222222222,4.2031746031746025,-9.160317460317453,-43.892908193011586
2025-05-09 04:00:00+00:00,8.030640668523677,-63.94190210903304,-26.206030861741166,-44.01492527824246
2025-05-09 05:00:00+00:00,0.5555555555555556,-71.72579365079365,-43.821507052217356,-44.20384723591442
2025-05-09 06:00:00+00:00,0.0,-68.11984126984127,-67.92917900988931,-44.07945900840119
2025-05-09 07:00:00+00:00,2.283333333333333,-70.69404761904762,-70.17989417989418,-43.76459913081606
2025-05-09 08:00:00+00:00,2.2333333333333334,-67.68888888888888,-68.83425925925924,-43.63734713747771
2025-05-09 09:00:00+00:00,4.144444444444445,-65.94722222222222,-68.1100529100529,-43.60110375123432
2025-05-09 10:00:00+00:00,0.2222222222222222,-68.25555555555555,-67.2972222222222,-43.581064068694644
2025-05-09 11:00:00+00:00,0.08055555555555556,-67.57579365079367,-67.2595238095238,-43.60561764012322
2025-05-09 12:00:00+00:00,0.10306406685236769,-68.34102666136093,-68.05745862257004,-43.5330049943995
2025-05-09 13:00:00+00:00,1.9,-66.23253968253967,-67.38311999823142,-43.49428144942595
2025-05-09 14:00:00+00:00,0.06666666666666667,-67.55634920634921,-67.37663851674994,-43.51485023249473
2025-05-09 15:00:00+00:00,1.9361111111111111,-69.16984126984127,-67.65291005291004,-43.65607935955256
2025-05-09 16:00:00+00:00,10.044444444444444,-24.839682539682542,-53.85529100529101,-43.347927904526095
2025-05-09 17:00:00+00:00,30.65277777777778,-18.449999999999996,-37.486507936507934,-43.32648279870599
2025-05-09 18:00:00+00:00,13.572222222222223,-24.823412698412696,-22.704365079365072,-43.348853830452015
2025-05-09 19:00:00+00:00,14.69359331476323,-18.704735376044564,-20.659382691485746,-43.43612124360732
2025-05-09 20:00:00+00:00,24.038888888888888,-1.4944444444444436,-15.007530839633896,-42.409500873236944
2025-05-09 21:00:00+00:00,3.7,-32.47103174603175,-17.55673718884025,-42.30857494731102
2025-05-09 22:00:00+00:00,4.252777777777778,-18.91706349206349,-17.627513227513223,-42.390243281233886
2025-05-09 23:00:00+00:00,12.563888888888888,-11.988888888888889,-21.12566137566137,-42.410497910863505
2025-05-10 00:00:00+00:00,1.9833333333333334,-22.14563492063492,-17.683862433862426,-42.356860344725945
2025-05-10 01:00:00+00:00,6.4484679665738165,-10.675288499801034,-14.936604103108275,-42.26813228618591
2025-05-10 02:00:00+00:00,11.95,-3.369444444444447,-12.063455954960128,-41.62188559306421
2025-05-10 03:00:00+00:00,0.6555555555555556,-17.71626984126984,-10.587000928505102,-42.535195778249395
2025-05-10 04:00:00+00:00,19.241666666666667,-58.677777777777784,-26.587830687830685,-42.3158572644471
2025-05-10 05:00:00+00:00,0.16111111111111112,-68.3952380952381,-48.26309523809524,-42.17708411629895
2025-05-10 06:00:00+00:00,0.0,-68.70039682539682,-65.25780423280423,-42.20127393111377
2025-05-10 07:00:00+00:00,1.5666666666666667,-68.3420634920635,-68.47923280423281,-42.10327459248943
2025-05-10 08:00:00+00:00,2.222841225626741,-68.55272582570633,-68.53172871438889,-42.139267798190154
2025-05-10 09:00:00+00:00,3.5722222222222224,-66.71626984126983,-67.87035305301322,-42.1713114489838
2025-05-10 10:00:00+00:00,0.011111111111111112,-68.4734126984127,-67.91413612179629,-42.180388829936184
2025-05-10 11:00:00+00:00,0.5888888888888889,-67.2670634920635,-67.48558201058201,-42.16752507332243
2025-05-10 12:00:00+00:00,0.7,-68.09007936507936,-67.94351851851853,-42.15706893597736
2025-05-10 13:00:00+00:00,0.05555555555555555,-67.95396825396826,-67.77037037037037,-42.228795126453555
2025-05-10 14:00:00+00:00,0.005555555555555556,-68.34642857142858,-68.13015873015873,-42.261715099998526
2025-05-10 15:00:00+00:00,1.0194986072423398,-66.92996418623159,-67.7434536705428,-42.16838688818145
2025-05-10 16:00:00+00:00,24.516666666666666,-15.44722222222223,-50.24120499329413,-41.77703437495394
2025-05-10 17:00:00+00:00,31.447222222222223,-16.74880952380952,-33.041998644087776,-41.70615143844601
2025-05-10 18:00:00+00:00,17.855555555555554,-19.990079365079374,-17.395370370370376,-41.50476254955712
2025-05-10 19:00:00+00:00,11.416666666666666,-15.010317460317461,-17.24973544973545,-41.350828469735156
2025-05-10 20:00:00+00:00,4.9944444444444445,-18.251984126984127,-17.750793650793653,-42.049059289840976
2025-05-10 21:00:00+00:00,13.019444444444444,-11.515873015873014,-14.926058201058199,-41.17592767608436
2025-05-10 22:00:00+00:00,12.133333333333333,-9.30436507936508,-13.024074074074074,-40.77539857555526
2025-05-10 23:00:00+00:00,1.3286908077994428,-9.73060087544767,-10.183612990228589,-40.68130324166188
2025-05-11 00:00:00+00:00,3.263888888888889,-13.090476190476188,-10.708480715096314,-40.3040049612386
2025-05-11 01:00:00+00:00,24.175,-0.6535714285714285,-7.824882831498428,-39.88643341660403
2025-05-11 02:00:00+00:00,23.533333333333335,-0.8297619047619023,-4.857936507936507,-39.78061331078393
2025-05-11 03:00:00+00:00,0.9416666666666667,-14.486111111111112,-5.323148148148148,-39.64602336369398
2025-05-11 04:00:00+00:00,19.105555555555554,-57.153571428571425,-24.156481481481478,-39.58251476581038
2025-05-11 05:00:00+00:00,0.0,-68.16474333465978,-46.601475291447436,-39.57291081745295
2025-05-11 06:00:00+00:00,1.1416666666666666,-67.54722222222222,-64.28851232848449,-39.524861875654004
2025-05-11 07:00:00+00:00,0.0,-69.74484126984127,-68.48560227557442,-39.58331094972808
2025-05-11 08:00:00+00:00,0.55,-67.73373015873015,-68.34193121693123,-39.54918613027075
2025-05-11 09:00:00+00:00,2.361111111111111,-68.06349206349206,-68.51402116402117,-39.60532038953
2025-05-11 10:00:00+00:00,0.022222222222222223,-68.66865079365078,-68.155291005291,-39.613455310164916
2025-05-11 11:00:00+00:00,0.28888888888888886,-71.1126984126984,-69.28161375661375,-39.7736900985247
2025-05-11 12:00:00+00:00,4.874651810584958,-64.02705929168324,-67.93613616601083,-39.60439759546653
2025-05-11 13:00:00+00:00,0.3138888888888889,-67.36507936507937,-67.50161235648702,-39.579860558429495
2025-05-11 14:00:00+00:00,0.2916666666666667,-68.34484126984125,-66.57899330886796,-39.57979442086336
2025-05-11 15:00:00+00:00,0.9,-68.76349206349205,-68.15780423280422,-39.65619141574921
2025-05-11 16:00:00+00:00,15.558333333333334,-24.501984126984116,-53.870105820105806,-40.03347316178096
2025-05-11 17:00:00+00:00,41.83611111111111,-8.25238095238096,-33.839285714285715,-39.679455304638104
2025-05-11 18:00:00+00:00,37.44444444444444,-9.888492063492059,-14.214285714285717,-39.25855583373863
2025-05-11 19:00:00+00:00,7.4986072423398324,-30.456426581774767,-16.1990998658826,-39.902143713799354
2025-05-11 20:00:00+00:00,32.225,-12.163492063492058,-17.502803569586302,-39.64845654448718
2025-05-11 21:00:00+00:00,6.533333333333333,-30.33690476190477,-24.318941135723872,-40.43266620057184
2025-05-11 22:00:00+00:00,26.85,-3.19047619047619,-15.230291005291013,-40.17792083020147
2025-05-11 23:00:00+00:00,5.902777777777778,-21.37301587301587,-18.30013227513228,-40.66302145510014
2025-05-12 00:00:00+00:00,2.1333333333333333,-29.64920634920635,-18.070899470899473,-41.35296854504724
2025-05-12 01:00:00+00:00,23.54874651810585,1.2236370871468374,-16.599528378358468,-41.27475152355897
2025-05-12 02:00:00+00:00,15.697222222222223,-3.5789682539682524,-10.66817917200926,-41.389301788109236
2025-05-12 03:00:00+00:00,14.363888888888889,-2.257936507936508,-1.537755891585979,-40.879794512976964
2025-05-12 04:00:00+00:00,0.008333333333333333,-70.51944444444445,-25.452116402116406,-41.436705888638336
2025-05-12 05:00:00+00:00,9.641666666666667,-60.56944444444444,-44.4489417989418,-41.12023510154604
2025-05-12 06:00:00+00:00,0.005555555555555556,-68.59206349206349,-66.56031746031746,-41.16377015445608
2025-05-12 07:00:00+00:00,0.7027777777777777,-68.60357142857141,-65.92169312169312,-41.116217244403174
2025-05-12 08:00:00+00:00,0.6657381615598886,-68.96259450855551,-68.71940980973014,-41.167419925645895
2025-05-12 09:00:00+00:00,4.363888888888889,-65.8484126984127,-67.80485954517987,-41.07512495210092
2025-05-12 10:00:00+00:00,0.05,-67.48333333333333,-67.43144684676719,-41.025736724587695
2025-05-12 11:00:00+00:00,0.4361111111111111,-67.3079365079365,-66.87989417989418,-40.867204978555954
2025-05-12 12:00:00+00:00,0.0,-70.0515873015873,-68.28095238095239,-41.11822697896862
2025-05-12 13:00:00+00:00,0.49444444444444446,-66.78611111111111,-68.04854497354496,-41.09410330171995
2025-05-12 14:00:00+00:00,0.09444444444444444,-67.90317460317459,-68.24695767195767,-41.07570052394217
2025-05-12 15:00:00+00:00,0.0,-67.56545961002786,-67.41824844143787,-41.02578250504782
2025-05-12 16:00:00+00:00,12.266666666666667,-24.217063492063495,-53.228565901755324,-41.01391081192613
2025-05-12 17:00:00+00:00,20.694444444444443,-21.515079365079373,-37.765867489056916,-41.56652324578857
2025-05-12 18:00:00+00:00,5.938888888888889,-32.119841269841274,-25.950661375661383,-42.49282946271978
2025-05-12 19:00:00+00:00,5.061111111111111,-23.492460317460317,-25.709126984126993,-42.20266420170668
2025-05-12 20:00:00+00:00,27.127777777777776,-8.455952380952379,-21.35608465608466,-42.04818338160086
2025-05-12 21:00:00+00:00,5.347222222222222,-21.401190476190475,-17.783201058201062,-41.67586195302943
2025-05-12 22:00:00+00:00,19.866295264623954,-7.524074810982892,-12.460405889375252,-41.85642856221721
2025-05-12 23:00:00+00:00,0.6277777777777778,-27.03293650793651,-18.652733931703295,-42.09225858867224
2025-05-13 00:00:00+00:00,2.7472222222222222,-23.508730158730156,-19.35524715921652,-41.83640541406906
2025-05-13 01:00:00+00:00,18.67222222222222,-7.914682539682545,-19.48544973544974,-42.217168731853626
2025-05-13 02:00:00+00:00,28.06388888888889,3.68412698412698,-9.246428571428579,-41.914539763599656
2025-05-13 03:00:00+00:00,0.8388888888888889,-12.131349206349208,-5.453968253968263,-42.32593195936685
2025-05-13 04:00:00+00:00,14.452777777777778,-63.17063492063493,-23.872619047619057,-42.01973156254145
2025-05-13 05:00:00+00:00,0.233983286908078,-67.90807799442898,-47.73668737380438,-42.32550796045747
2025-05-13 06:00:00+00:00,0.3333333333333333,-69.6468253968254,-66.90851277062978,-42.36945637315589
2025-05-13 07:00:00+00:00,19.46124031007752,-56.193622875489474,-64.58284208891463,-41.85237518344414
2025-05-13 08:00:00+00:00,0.07777777777777778,-74.40194955884594,-66.74746594372027,-42.07901497720624
2025-05-13 09:00:00+00:00,0.041666666666666664,-72.99248782021058,-67.86268675151534,-42.37668477394782
2025-05-13 10:00:00+00:00,3.0416666666666665,-65.06507936507937,-70.81983891471197,-42.275924191937236
2025-05-13 11:00:00+00:00,0.8805555555555555,-67.99960317460317,-68.68572345329771,-42.30474363638168
2025-05-13 12:00:00+00:00,1.233983286908078,-67.41742936729008,-66.82737063565754,-42.194987055785965
2025-05-13 13:00:00+00:00,0.95,-66.54880952380952,-67.32194735523426,-42.185099489648394
2025-05-13 14:00:00+00:00,0.225,-68.20952380952382,-67.39192090020781,-42.19786403991295
2025-05-13 15:00:00+00:00,0.3055555555555556,-67.59007936507936,-67.44947089947091,-42.198889863040094
2025-05-13 16:00:00+00:00,2.8361111111111112,-23.899206349206345,-53.23293650793651,-42.18564581542105
2025-05-13 17:00:00+00:00,16.683333333333334,-15.280952380952382,-35.59007936507937,-41.925890524415756
2025-05-13 18:00:00+00:00,6.472222222222222,-20.382142857142856,-19.85410052910053,-41.436819757219986
2025-05-13 19:00:00+00:00,30.0,-17.784893267651896,-17.815996168582384,-41.19900446347797
