Time,OG Pir,Detrended PIR,3hr Avg,24hr Avg
2025-04-25 13:00:00+00:00,0.008928571,80.04474915,,
2025-04-25 14:00:00+00:00,2.55,83.65386905,,
2025-04-25 15:00:00+00:00,0.061111111,85.60803571,83.10221797,
2025-04-25 16:00:00+00:00,6.825,1.753670635,57.0051918,
2025-04-25 17:00:00+00:00,2.422222222,-8.454563492,26.30238095,
2025-04-25 18:00:00+00:00,23.56388889,-13.5110119,-6.737301587,
2025-04-25 19:00:00+00:00,21.62395543,-3.558993235,-8.508189544,
2025-04-25 20:00:00+00:00,11.775,-12.26904762,-9.779684253,
2025-04-25 21:00:00+00:00,2.975,-16.19652778,-10.67485621,
2025-04-25 22:00:00+00:00,22.65833333,-5.472519841,-11.31269841,
2025-04-25 23:00:00+00:00,37.8,-1.007242063,-7.558763228,
2025-04-26 00:00:00+00:00,25.025,6.675892857,0.065376984,
2025-04-26 01:00:00+00:00,5.855153203,-8.747115002,-1.026154736,
2025-04-26 02:00:00+00:00,14.63611111,-10.17142857,-4.080883572,
2025-04-26 03:00:00+00:00,40.61111111,-2.28422619,-7.067589921,
2025-04-26 04:00:00+00:00,24.02222222,74.12371032,20.55601852,
2025-04-26 05:00:00+00:00,4.075,82.74503968,51.5281746,
2025-04-26 06:00:00+00:00,0,84.49761905,80.45545635,
2025-04-26 07:00:00+00:00,4.861111111,89.62698413,85.62321429,
2025-04-26 08:00:00+00:00,7.512534819,91.61470354,88.57976891,
2025-04-26 09:00:00+00:00,0.305555556,78.97450397,86.73873055,
2025-04-26 10:00:00+00:00,14.73888889,93.83045635,88.13988795,
2025-04-26 11:00:00+00:00,0,83.21299603,85.33931878,
2025-04-26 12:00:00+00:00,6.019444444,88.37142857,88.47162698,39.29420764
2025-04-26 13:00:00+00:00,5.169444444,83.1640873,84.91617063,39.42418006
2025-04-26 14:00:00+00:00,1.4,84.43621032,85.32390873,39.45677762
2025-04-26 15:00:00+00:00,0.008356546,81.52735774,83.04255179,39.28674937
2025-04-26 16:00:00+00:00,6.338888889,-0.649702381,55.10462189,39.18660882
2025-04-26 17:00:00+00:00,5.488888889,-20.52371032,20.11798168,38.68372771
2025-04-26 18:00:00+00:00,15.24444444,-27.76349206,-16.31230159,38.08987437
2025-04-26 19:00:00+00:00,10.01111111,-30.03224206,-26.10648148,36.98682233
2025-04-26 20:00:00+00:00,10.93055556,-21.61706349,-26.47093254,36.59732167
2025-04-26 21:00:00+00:00,25.39444444,-3.12390873,-18.2577381,37.14201413
2025-04-26 22:00:00+00:00,24.99444444,-19.9078373,-14.88293651,36.54054257
2025-04-26 23:00:00+00:00,11.32869081,-20.31565858,-14.44913487,35.73602522
2025-04-27 00:00:00+00:00,20.76666667,6.882242063,-11.11375127,35.7446231
2025-04-27 01:00:00+00:00,2.852777778,-4.904265873,-6.112560795,35.90474181
2025-04-27 02:00:00+00:00,16.40833333,-23.03005952,-7.017361111,35.36896552
2025-04-27 03:00:00+00:00,13.69166667,-17.01021825,-14.98151455,34.75538252
2025-04-27 04:00:00+00:00,26.25833333,88.42529762,16.12833995,35.35128199
2025-04-27 05:00:00+00:00,0.064066852,85.24681655,52.22063197,35.45552269
2025-04-27 06:00:00+00:00,0.283333333,86.53809524,86.73673647,35.54054254
2025-04-27 07:00:00+00:00,11.99166667,88.86845238,86.88445472,35.50893705
2025-04-27 08:00:00+00:00,2.2,85.95009921,87.11888228,35.27291187
2025-04-27 09:00:00+00:00,10.46944444,89.7968254,88.20512566,35.72384192
2025-04-27 10:00:00+00:00,4.833333333,88.06577381,87.93756614,35.48364682
2025-04-27 11:00:00+00:00,0.013888889,86.5046627,88.12242063,35.6207996
2025-04-27 12:00:00+00:00,0.013927577,85.15529248,86.575243,35.48679393
2025-04-27 13:00:00+00:00,4.9,85.09603175,85.58532897,35.56729161
2025-04-27 14:00:00+00:00,0.038888889,83.82420635,84.69184352,35.54179145
2025-04-27 15:00:00+00:00,12.85833333,90.45753968,86.45925926,35.91388236
2025-04-27 16:00:00+00:00,1.933333333,-10.12748016,54.71808862,35.51897495
2025-04-27 17:00:00+00:00,18.75277778,-24.53948413,18.59685847,35.35165104
2025-04-27 18:00:00+00:00,28.65277778,0.586011905,-11.36031746,36.53288038
2025-04-27 19:00:00+00:00,13.69916435,-28.62922801,-17.52756675,36.59133929
2025-04-27 20:00:00+00:00,21.8,-19.57956349,-15.87425987,36.67623513
2025-04-27 21:00:00+00:00,21.94444444,-6.653174603,-18.28732204,36.52918238
2025-04-27 22:00:00+00:00,11.05,-11.32837302,-12.52037037,36.88666006
2025-04-27 23:00:00+00:00,26.05,-5.437599206,-7.806382275,37.5065792
2025-04-28 00:00:00+00:00,0.811111111,-4.617757937,-7.127910053,37.02741254
2025-04-28 01:00:00+00:00,17.96100279,-27.93523677,-12.6635313,36.06778875
2025-04-28 02:00:00+00:00,31.56666667,0.218055556,-10.77831305,37.03646021
2025-04-28 03:00:00+00:00,6.147222222,-19.87847222,-15.86521781,36.91694963
2025-04-28 04:00:00+00:00,9.477777778,81.33382937,20.55780423,36.62147178
2025-04-28 05:00:00+00:00,0,80.59742063,47.35092593,36.42774695
2025-04-28 06:00:00+00:00,4.133333333,88.96597222,83.63240741,36.5289085
2025-04-28 07:00:00+00:00,0.669444444,87.08571429,85.54970238,36.45462774
2025-04-28 08:00:00+00:00,1.236111111,81.80525794,85.95231481,36.28192602
2025-04-28 09:00:00+00:00,0,87.12902905,85.34000042,36.17076784
2025-04-28 10:00:00+00:00,4.397222222,85.59285714,84.84238138,36.06772965
2025-04-28 11:00:00+00:00,0.05,82.60525794,85.10904804,35.90525445
2025-04-28 12:00:00+00:00,0.027777778,85.10436508,84.43416005,35.90313247
2025-04-28 13:00:00+00:00,0.633333333,85.40208333,84.37056878,35.91588462
2025-04-28 14:00:00+00:00,0.119444444,82.77232143,84.42625661,35.87205608
2025-04-28 15:00:00+00:00,2.341666667,85.3421627,84.50552249,35.65891538
2025-04-28 16:00:00+00:00,10.2729805,-10.82610426,52.42945996,35.62980604
2025-04-28 17:00:00+00:00,29.13611111,-21.24712302,17.75631181,35.76698775
2025-04-28 18:00:00+00:00,5.727777778,-27.23630952,-19.7698456,34.60772436
2025-04-28 19:00:00+00:00,18.91666667,-7.248313492,-18.57724868,35.4985958
2025-04-28 20:00:00+00:00,7.008333333,-28.01656746,-20.83373016,35.14705397
2025-04-28 21:00:00+00:00,37.63333333,-6.127777778,-13.79755291,35.1689455
2025-04-28 22:00:00+00:00,4.088888889,-12.28382937,-15.4760582,35.12913482
2025-04-28 23:00:00+00:00,28.10584958,-1.249403104,-6.553670082,35.30364299
2025-04-29 00:00:00+00:00,2.316666667,-10.33224206,-7.955158177,35.06553948
2025-04-29 01:00:00+00:00,17.49722222,-12.49305556,-8.024900241,35.7089637
2025-04-29 02:00:00+00:00,10.71111111,-18.15505952,-13.66011905,34.94341724
2025-04-29 03:00:00+00:00,11.79444444,-15.76646825,-15.47152778,35.11475074
2025-04-29 04:00:00+00:00,28.26944444,90.60208333,18.89351852,35.50092799
2025-04-29 05:00:00+00:00,0.22005571,83.94160366,52.92573958,35.64026895
2025-04-29 06:00:00+00:00,0.086111111,85.29702381,86.61357027,35.4873961
2025-04-29 07:00:00+00:00,6.794444444,85.6328373,84.95715492,35.42685955
2025-04-29 08:00:00+00:00,0.019444444,86.11775794,85.68253968,35.60654705
2025-04-29 09:00:00+00:00,7.016666667,87.18799603,86.31286376,35.60900401
2025-04-29 10:00:00+00:00,0,84.45823413,85.92132937,35.56172805
2025-04-29 11:00:00+00:00,0.144444444,84.81220238,85.48614418,35.65368407
2025-04-29 12:00:00+00:00,0.186629526,81.04019101,83.43687584,35.48434349
2025-04-29 13:00:00+00:00,1.922222222,85.13541667,83.66260335,35.47323237
2025-04-29 14:00:00+00:00,0.102777778,83.29880952,83.15813907,35.49516938
2025-04-29 15:00:00+00:00,6.427777778,81.79255952,83.40892857,35.34726925
2025-04-29 16:00:00+00:00,15.45277778,-14.74404762,50.11577381,35.18402161
2025-04-29 17:00:00+00:00,24.26666667,-25.1702381,13.9594246,35.02055848
2025-04-29 18:00:00+00:00,17.32222222,-25.96746032,-21.96058201,35.07342719
2025-04-29 19:00:00+00:00,11.5097493,-24.50159172,-25.21309671,34.3545406
2025-04-29 20:00:00+00:00,21.375,-23.18095238,-24.55000147,34.55602456
2025-04-29 21:00:00+00:00,18.33611111,-18.19861111,-21.96038507,34.05307317
2025-04-29 22:00:00+00:00,12.12222222,-10.78333333,-17.38763228,34.11559384
2025-04-29 23:00:00+00:00,7.402777778,-9.615873016,-12.86593915,33.76699093
2025-04-30 00:00:00+00:00,8.052777778,-7.155059524,-9.184755291,33.89937354
2025-04-30 01:00:00+00:00,8.320334262,-10.34848786,-9.039806801,33.98873052
2025-04-30 02:00:00+00:00,21.00833333,-13.19255952,-10.23203564,34.19550136
2025-04-30 03:00:00+00:00,17.92777778,-5.925992063,-9.822346483,34.6055212
2025-04-30 04:00:00+00:00,18.75,85.41746032,22.09963624,34.38949524
2025-04-30 05:00:00+00:00,0.016666667,84.86944444,54.7869709,34.42815527
2025-04-30 06:00:00+00:00,0.697222222,81.48809524,83.925,34.26944991
2025-04-30 07:00:00+00:00,2.944444444,84.45634921,83.60462963,34.22042958
2025-04-30 08:00:00+00:00,0.036211699,84.97970553,83.64138333,34.17301073
2025-04-30 09:00:00+00:00,3.088888889,85.48948413,84.97517962,34.1022394
2025-04-30 10:00:00+00:00,0,82.95109127,84.47342698,34.03944178
2025-04-30 11:00:00+00:00,0.483333333,81.2030754,83.21455026,33.88906149
2025-04-30 12:00:00+00:00,0.425,84.18105159,82.77840608,34.01993068
2025-04-30 13:00:00+00:00,0.058333333,78.9796627,81.45459656,33.76344093
2025-04-30 14:00:00+00:00,7.677777778,84.16577381,82.4421627,33.79956444
2025-04-30 15:00:00+00:00,0.259052925,83.82252288,82.32265313,33.88414625
2025-04-30 16:00:00+00:00,12.87777778,-14.97172619,51.0055235,33.87465964
2025-04-30 17:00:00+00:00,20.3,-25.04444444,14.60211742,33.87990104
2025-04-30 18:00:00+00:00,10.13888889,-26.14900794,-22.05505952,33.87233656
2025-04-30 19:00:00+00:00,2.330555556,-32.91378968,-28.03574735,33.52182831
2025-04-30 20:00:00+00:00,24.68055556,-21.49980159,-26.85419974,33.59187626
2025-04-30 21:00:00+00:00,7.047222222,-10.12261905,-21.51207011,33.92837593
2025-04-30 22:00:00+00:00,14.89415042,6.548249105,-8.358057177,34.6505252
2025-04-30 23:00:00+00:00,0.808333333,-18.28918651,-7.28785215,34.28913714
2025-05-01 00:00:00+00:00,16.97222222,0.188888889,-3.850682838,34.59513499
2025-05-01 01:00:00+00:00,15.19166667,-7.614087302,-8.57146164,34.70906834
2025-05-01 02:00:00+00:00,26.85,-8.270238095,-5.231812169,34.91416507
2025-05-01 03:00:00+00:00,5.711111111,-15.70168651,-10.52867063,34.50684447
2025-05-01 04:00:00+00:00,17.33426184,82.97672105,19.66826548,34.405147
2025-05-01 05:00:00+00:00,0.005555556,84.6469246,50.64065305,34.39587534
2025-05-01 06:00:00+00:00,0.661111111,81.84375,83.15579855,34.41069429
2025-05-01 07:00:00+00:00,7.155555556,83.82103175,83.43723545,34.38422272
2025-05-01 08:00:00+00:00,0.011111111,84.55744048,83.40740741,34.36662835
2025-05-01 09:00:00+00:00,0.655555556,84.60823413,84.32890212,34.3299096
2025-05-01 10:00:00+00:00,0.419444444,81.03859127,83.40142196,34.2502221
2025-05-01 11:00:00+00:00,3.715877437,86.26920016,83.97200852,34.46131063
2025-05-01 12:00:00+00:00,0,83.47132937,83.59304026,34.43173887
2025-05-01 13:00:00+00:00,0.161111111,81.87063492,83.87038815,34.55219605
2025-05-01 14:00:00+00:00,0.716666667,82.28660714,82.54285714,34.47389743
2025-05-01 15:00:00+00:00,0.397222222,83.26468254,82.47397487,34.45065409
2025-05-01 16:00:00+00:00,33.18333333,-13.83482143,50.57215608,34.49802512
2025-05-01 17:00:00+00:00,29.87743733,-21.5666534,15.95440257,34.64293308
2025-05-01 18:00:00+00:00,0.611111111,-36.19117063,-23.86421516,34.22450963
2025-05-01 19:00:00+00:00,11.78055556,-22.55823413,-26.77201939,34.65599111
2025-05-01 20:00:00+00:00,5.725,-21.15922619,-26.63621032,34.67018176
2025-05-01 21:00:00+00:00,11.3,-7.546527778,-17.08799603,34.77751889
2025-05-01 22:00:00+00:00,18.81388889,-13.07896825,-13.92824074,33.95971817
2025-05-01 23:00:00+00:00,0.661111111,-0.913789683,-7.179761905,34.68369304
2025-05-02 00:00:00+00:00,1.423398329,-12.46060485,-8.817787597,34.1566308
2025-05-02 01:00:00+00:00,25.99166667,-3.136805556,-5.503733364,34.3431842
2025-05-02 02:00:00+00:00,5.138888889,-19.89871032,-11.83204024,33.85866453
2025-05-02 03:00:00+00:00,1.513888889,-21.77609127,-14.93720238,33.60556433
2025-05-02 04:00:00+00:00,6.711111111,74.30228175,10.87582672,33.24412936
2025-05-02 05:00:00+00:00,12.73333333,90.83551587,47.78723545,33.50198733
2025-05-02 06:00:00+00:00,0,84.39226025,83.17668596,33.60817525
2025-05-02 07:00:00+00:00,3.388888889,83.09315476,86.10697696,33.57784705
2025-05-02 08:00:00+00:00,0.797222222,81.84444444,83.10995315,33.46480555
2025-05-02 09:00:00+00:00,0,84.26845238,83.06868386,33.45064797
2025-05-02 10:00:00+00:00,6.413888889,86.98501984,84.36597222,33.69841583
2025-05-02 11:00:00+00:00,0,83.61924603,84.95757275,33.58800107
2025-05-02 12:00:00+00:00,0.213888889,83.01607143,84.54011243,33.56903199
2025-05-02 13:00:00+00:00,0.479108635,82.43742539,83.02424762,33.59264826
2025-05-02 14:00:00+00:00,0.969444444,83.19375,82.88241561,33.63044588
2025-05-02 15:00:00+00:00,0.652777778,82.71339286,82.78152275,33.60747548
2025-05-02 16:00:00+00:00,31.74166667,-19.99791667,48.63640873,33.35067984
2025-05-02 17:00:00+00:00,42.95277778,-17.65803571,15.01914683,33.51353891
2025-05-02 18:00:00+00:00,14.41111111,-28.59861111,-22.0848545,33.82989556
2025-05-02 19:00:00+00:00,2.286111111,-31.86835317,-26.04166667,33.44197393
2025-05-02 20:00:00+00:00,31.47632312,-5.051830481,-21.83959826,34.11311542
2025-05-02 21:00:00+00:00,6.863888889,-22.70119048,-19.87379138,33.48167114
2025-05-02 22:00:00+00:00,20.46944444,-2.785912698,-10.17964455,33.91054846
2025-05-02 23:00:00+00:00,3.908333333,-25.70386905,-17.06365741,32.87762848
2025-05-03 00:00:00+00:00,6.811111111,-23.89940476,-17.46306217,32.40101182
2025-05-03 01:00:00+00:00,18.28888889,-19.10079365,-22.90135582,31.73584565
2025-05-03 02:00:00+00:00,5.347222222,-20.7578373,-21.25267857,31.70004869
2025-05-03 03:00:00+00:00,12.94150418,-14.56008754,-18.13957283,32.00071552
2025-05-03 04:00:00+00:00,12.61111111,82.18234127,15.62147214,32.32905133
2025-05-03 05:00:00+00:00,0.088888889,83.8109127,50.47772214,32.03635953
2025-05-03 06:00:00+00:00,2.188888889,84.37777778,83.45701058,32.03575609
2025-05-03 07:00:00+00:00,3.466666667,81.7030754,83.29725529,31.97783612
2025-05-03 08:00:00+00:00,0.1,84.67638889,83.58574735,32.09583381
2025-05-03 09:00:00+00:00,1.552777778,83.72361111,83.3676918,32.07313209
2025-05-03 10:00:00+00:00,0.016713092,82.92150816,83.77383605,31.9038191
2025-05-03 11:00:00+00:00,0.233333333,83.41636905,83.35382944,31.89536589
2025-05-03 12:00:00+00:00,0.130555556,84.15803571,83.49863764,31.94294774
2025-05-03 13:00:00+00:00,0.416666667,81.82876984,83.13439153,31.91758709
2025-05-03 14:00:00+00:00,0.133333333,82.27371032,82.75350529,31.8792521
2025-05-03 15:00:00+00:00,0.369444444,81.59464286,81.89904101,31.83263752
2025-05-03 16:00:00+00:00,29.12777778,-17.06855159,48.9332672,31.9546944
2025-05-03 17:00:00+00:00,46.40111421,-20.29148428,14.744869,31.84496737
2025-05-03 18:00:00+00:00,30.36944444,-27.64325397,-21.66776328,31.88477392
2025-05-03 19:00:00+00:00,18.73333333,-31.82827381,-26.58767069,31.88644389
2025-05-03 20:00:00+00:00,1.838888889,-33.09325397,-30.85492725,30.71805125
2025-05-03 21:00:00+00:00,11.88333333,-11.87926587,-25.60026455,31.16896477
2025-05-03 22:00:00+00:00,23.46111111,-14.18581349,-19.71944444,30.69396891
2025-05-03 23:00:00+00:00,0.280555556,-9.302678571,-11.78925265,31.37735184
2025-05-04 00:00:00+00:00,2.905292479,-3.079785117,-8.856092394,32.244836
2025-05-04 01:00:00+00:00,16.21944444,-13.82886905,-8.737110912,32.46449952
2025-05-04 02:00:00+00:00,3.491666667,-28.78125,-15.22996806,32.13019066
2025-05-04 03:00:00+00:00,22.39166667,-14.74603175,-19.11871693,32.12244298
2025-05-04 04:00:00+00:00,17.96111111,87.12946429,14.53406085,32.32857311
2025-05-04 05:00:00+00:00,0.408333333,81.37956349,51.25433201,32.22726689
2025-05-04 06:00:00+00:00,0.038997214,81.7758655,83.42829776,32.11885388
2025-05-04 07:00:00+00:00,0.536111111,85.03819444,82.73120781,32.25781717
2025-05-04 08:00:00+00:00,7.736111111,82.44136905,83.085143,32.16469135
2025-05-04 09:00:00+00:00,0,83.15406746,83.54454365,32.14096036
2025-05-04 10:00:00+00:00,12.10674157,84.29213483,83.29585711,32.19806981
2025-05-04 11:00:00+00:00,0.477777778,84.56696429,84.00438886,32.24601128
2025-05-04 12:00:00+00:00,0,82.07361111,83.64423674,32.15916025
2025-05-04 13:00:00+00:00,0.064066852,83.32152805,83.32070115,32.22135851
2025-05-04 14:00:00+00:00,0.7,83.22113095,82.87209004,32.26083437
2025-05-04 15:00:00+00:00,1.086111111,82.26944444,82.93736782,32.2889511
2025-05-04 16:00:00+00:00,20.33611111,-19.65456349,48.61200397,32.18120061
2025-05-04 17:00:00+00:00,9.45,-34.53888889,9.358664021,31.58755875
2025-05-04 18:00:00+00:00,34.08611111,-26.96994048,-27.05446429,31.61561348
2025-05-04 19:00:00+00:00,20.34444444,-20.68382937,-27.39755291,32.07996533
2025-05-04 20:00:00+00:00,1.8,-29.46775794,-25.70717593,32.23102766
2025-05-04 21:00:00+00:00,5.766016713,-34.60783924,-28.25314218,31.28400377
2025-05-04 22:00:00+00:00,3.616666667,-18.25218254,-27.44259324,31.11457173
2025-05-04 23:00:00+00:00,1.097222222,-10.84206349,-21.23402842,31.05043069
2025-05-05 00:00:00+00:00,10.325,-12.35803571,-13.81742725,30.66383692
2025-05-05 01:00:00+00:00,25.91944444,3.001686508,-6.732804233,31.36511006
2025-05-05 02:00:00+00:00,10.35277778,-16.33392857,-8.563425926,31.88374846
2025-05-05 03:00:00+00:00,8.04178273,-14.05620772,-9.129483261,31.91249112
2025-05-05 04:00:00+00:00,13.275,86.46329365,18.69105245,31.88473401
2025-05-05 05:00:00+00:00,0.05,81.67460317,51.36056304,31.89702733
2025-05-05 06:00:00+00:00,11.31444759,86.97192629,85.0366077,32.11352987
2025-05-05 07:00:00+00:00,22.88505747,75.58093565,81.40915504,31.71947742
2025-05-05 08:00:00+00:00,2.05,84.44771825,82.33352673,31.8030753
2025-05-05 09:00:00+00:00,0.008333333,81.39821429,80.47562273,31.72991475
2025-05-05 10:00:00+00:00,0.551532033,84.3350577,83.39366341,31.73170321
2025-05-05 11:00:00+00:00,0.052777778,81.10892857,82.28073352,31.58761838
2025-05-05 12:00:00+00:00,1.630555556,84.61825397,83.35408008,31.69364517
2025-05-05 13:00:00+00:00,0.983333333,83.0344246,82.92053571,31.68168253
2025-05-05 14:00:00+00:00,3.363888889,84.77886905,84.14384921,31.74658828
2025-05-05 15:00:00+00:00,0.036111111,83.06507937,83.62612434,31.77973973
2025-05-05 16:00:00+00:00,10.34444444,-19.92013889,49.30793651,31.76867409
2025-05-05 17:00:00+00:00,11.24233983,-22.68742539,13.48583836,32.26248507
2025-05-05 18:00:00+00:00,18.96111111,-18.81597222,-20.47451217,32.60223375
2025-05-05 19:00:00+00:00,33.79444444,-24.05396825,-21.85245529,32.4618113
2025-05-05 20:00:00+00:00,10.34166667,-32.61507937,-25.16167328,32.3306729
2025-05-05 21:00:00+00:00,10.89722222,-18.42748016,-25.03217593,33.00485453
2025-05-05 22:00:00+00:00,0.783333333,-8.235416667,-19.7593254,33.42221978
2025-05-05 23:00:00+00:00,14.19722222,-3.413789683,-10.02556217,33.73173118
2025-05-06 00:00:00+00:00,0.791086351,-12.78243136,-8.143879235,33.71404803
2025-05-06 01:00:00+00:00,3.011111111,-3.234027778,-6.476749606,33.4542266
2025-05-06 02:00:00+00:00,19.48888889,-7.085515873,-7.700658336,33.83957713
2025-05-06 03:00:00+00:00,15.69166667,-9.209623016,-6.509722222,34.04151816
2025-05-06 04:00:00+00:00,9.547222222,81.33253968,21.6791336,33.82773675
2025-05-06 05:00:00+00:00,2.677777778,84.72371032,52.28220899,33.95478288
2025-05-06 06:00:00+00:00,1.897222222,81.65992063,82.57205688,33.73344931
2025-05-06 07:00:00+00:00,0.39275766,84.63718663,83.67360586,34.1107931
2025-05-06 08:00:00+00:00,1.205555556,82.55545635,82.95085454,34.03194885
2025-05-06 09:00:00+00:00,0.019444444,83.92440476,83.70568258,34.13720679
2025-05-06 10:00:00+00:00,0.086111111,82.60813492,83.02933201,34.06525168
2025-05-06 11:00:00+00:00,3.294444444,86.12450397,84.21901455,34.27423398
2025-05-06 12:00:00+00:00,0.211111111,81.86190476,83.53151455,34.1593861
2025-05-06 13:00:00+00:00,0.05,81.30565476,83.0973545,34.08735402
2025-05-06 14:00:00+00:00,2.791086351,84.53193394,82.56649782,34.07706506
2025-05-06 15:00:00+00:00,0,82.68452381,82.84070417,34.06120858
2025-05-06 16:00:00+00:00,19.96944444,-17.32043651,49.96534042,34.16952951
2025-05-06 17:00:00+00:00,27.23333333,-27.27579365,12.69609788,33.9783475
2025-05-06 18:00:00+00:00,7.791666667,-31.22281746,-25.27301587,33.46139562
2025-05-06 19:00:00+00:00,0.686111111,-31.61339286,-30.03733466,33.14641959
2025-05-06 20:00:00+00:00,17.35555556,-6.791369048,-23.20919312,34.22240752
2025-05-06 21:00:00+00:00,27.19498607,-8.004377238,-15.46971305,34.65670348
2025-05-06 22:00:00+00:00,1.85,-17.8264881,-10.87407813,34.2570755
2025-05-06 23:00:00+00:00,14.075,1.972222222,-7.952881037,34.48149266
2025-05-07 00:00:00+00:00,6.019444444,-7.443253968,-7.765839947,34.70395839
2025-05-07 01:00:00+00:00,5.255555556,-5.044642857,-3.505224868,34.62851609
2025-05-07 02:00:00+00:00,10.50555556,-6.353174603,-6.280357143,34.65903031
2025-05-07 03:00:00+00:00,17.03611111,-14.61498016,-8.67093254,34.4338071
2025-05-07 04:00:00+00:00,20.49303621,84.06884202,21.03356242,34.54781969
2025-05-07 05:00:00+00:00,1.794444444,83.94414683,51.13266956,34.51533788
2025-05-07 06:00:00+00:00,0.522222222,82.0656746,83.35955448,34.5322443
2025-05-07 07:00:00+00:00,0.336111111,82.94811508,82.98597884,34.46186632
2025-05-07 08:00:00+00:00,2.411111111,85.06636905,83.36005291,34.56648768
2025-05-07 09:00:00+00:00,0,81.79097222,83.26848545,34.47759466
2025-05-07 10:00:00+00:00,7.480555556,88.30843254,85.05525794,34.71510706
2025-05-07 11:00:00+00:00,0.005571031,84.00149224,84.700299,34.62664823
2025-05-07 12:00:00+00:00,0.019444444,82.26180556,84.85724345,34.64331077
2025-05-07 13:00:00+00:00,0.080555556,81.91517857,82.72615879,34.66870759
2025-05-07 14:00:00+00:00,1.463888889,81.9047619,82.02724868,34.55924209
2025-05-07 15:00:00+00:00,0.444444444,84.20535714,82.67509921,34.62261015
2025-05-07 16:00:00+00:00,18.97222222,-17.49017857,49.53998016,34.61553756
2025-05-07 17:00:00+00:00,18.51532033,-29.14793076,12.52241594,34.53753185
2025-05-07 18:00:00+00:00,17.63888889,-18.96279762,-21.86696898,35.04836601
2025-05-07 19:00:00+00:00,3.302777778,-24.69990079,-24.27020972,35.33642818
2025-05-07 20:00:00+00:00,14.09166667,-15.92787698,-19.86352513,34.95574035
2025-05-07 21:00:00+00:00,30.55277778,-8.417162698,-16.34831349,34.93854095
2025-05-07 22:00:00+00:00,0.577777778,-0.912301587,-8.419113757,35.64329872
2025-05-07 23:00:00+00:00,11.48055556,-1.675694444,-3.668386243,35.4913022
2025-05-08 00:00:00+00:00,1.230555556,-8.611210317,-3.733068783,35.44263735
2025-05-08 01:00:00+00:00,10.6183844,-8.009152407,-6.098685723,35.31911612
2025-05-08 02:00:00+00:00,18.32222222,-14.87946429,-10.49994234,34.96385405
2025-05-08 03:00:00+00:00,7.75,-17.40188492,-13.4301672,34.84773302
2025-05-08 04:00:00+00:00,14.72777778,79.84662698,15.85509259,34.67180739
2025-05-08 05:00:00+00:00,0.952777778,85.51815476,49.32096561,34.73739105
2025-05-08 06:00:00+00:00,0.458333333,81.12490079,82.16322751,34.69819214
2025-05-08 07:00:00+00:00,18.14782609,67.86709557,78.17005038,34.06981633
2025-05-08 08:00:00+00:00,0.008356546,81.36142061,76.78447233,33.91544348
2025-05-08 09:00:00+00:00,1.533333333,84.96269841,78.0637382,34.04759874
2025-05-08 10:00:00+00:00,0.341666667,83.36378968,83.2293029,33.84157195
2025-05-08 11:00:00+00:00,1.511111111,84.60486111,84.31044974,33.86671232
2025-05-08 12:00:00+00:00,0.108333333,83.72609127,83.89824735,33.92772423
2025-05-08 13:00:00+00:00,0.969444444,84.1422619,84.1577381,34.02051937
2025-05-08 14:00:00+00:00,0.705555556,83.93462302,83.9343254,34.10509691
2025-05-08 15:00:00+00:00,2.902506964,84.4017111,84.15953201,34.11327833
2025-05-08 16:00:00+00:00,6.961111111,-25.55228175,47.59468412,33.77735736
2025-05-08 17:00:00+00:00,27.34166667,-21.06855159,12.59362592,34.11399816
2025-05-08 18:00:00+00:00,24.77222222,-25.27400794,-23.96494709,33.85103106
2025-05-08 19:00:00+00:00,31.51388889,-24.16924603,-23.50393519,33.87314168
2025-05-08 20:00:00+00:00,3.786111111,-17.79494048,-22.41273148,33.79534737
2025-05-08 21:00:00+00:00,3.277777778,-27.27420635,-23.07946429,33.00963721
2025-05-08 22:00:00+00:00,11.98607242,-2.467966574,-15.84570447,32.94481784
2025-05-08 23:00:00+00:00,14.96666667,1.593650794,-9.38284071,33.08104056
2025-05-09 00:00:00+00:00,1.705555556,-4.554365079,-1.809560287,33.25007578
2025-05-09 01:00:00+00:00,14.95555556,-1.616071429,-1.525595238,33.51645415
2025-05-09 02:00:00+00:00,4.422222222,-16.45853175,-7.542989418,33.45065967
2025-05-09 03:00:00+00:00,17.29722222,-6.145337302,-8.073313492,33.91968249
2025-05-09 04:00:00+00:00,8.030640669,81.91653402,19.77088833,34.00592862
2025-05-09 05:00:00+00:00,0.555555556,79.0655754,51.61225737,33.73707114
2025-05-09 06:00:00+00:00,0,84.86259921,81.94823621,33.89280858
2025-05-09 07:00:00+00:00,2.283333333,82.70535714,82.21117725,34.51106948
2025-05-09 08:00:00+00:00,2.233333333,83.09236111,83.55343915,34.583192
2025-05-09 09:00:00+00:00,4.144444444,84.52748016,83.4417328,34.5650579
2025-05-09 10:00:00+00:00,0.222222222,84.12539683,83.91507937,34.59679153
2025-05-09 11:00:00+00:00,0.080555556,84.1890873,84.28065476,34.57946762
2025-05-09 12:00:00+00:00,0.103064067,83.97134899,84.0952777,34.5896867
2025-05-09 13:00:00+00:00,1.9,84.20853175,84.12298934,34.59244794
2025-05-09 14:00:00+00:00,0.066666667,83.55406746,83.91131606,34.57659146
2025-05-09 15:00:00+00:00,1.936111111,80.24474206,82.66911376,34.40338441
2025-05-09 16:00:00+00:00,10.04444444,-13.8828373,49.97199074,34.88961127
2025-05-09 17:00:00+00:00,30.65277778,-23.6110119,14.25029762,34.78367542
2025-05-09 18:00:00+00:00,13.57222222,-18.30109127,-18.59831349,35.07421361
2025-05-09 19:00:00+00:00,14.69359331,-8.362315957,-16.75813971,35.7328357
2025-05-09 20:00:00+00:00,24.03888889,-0.703075397,-9.122160875,36.44499675
2025-05-09 21:00:00+00:00,3.7,-24.33740079,-11.13426405,36.56736364
2025-05-09 22:00:00+00:00,4.252777778,-18.89890873,-14.64646164,35.88274105
2025-05-09 23:00:00+00:00,12.56388889,-4.226984127,-15.82109788,35.6402146
2025-05-10 00:00:00+00:00,1.983333333,-7.857242063,-10.32771164,35.50259473
2025-05-10 01:00:00+00:00,6.448467967,-7.076303223,-6.386843138,35.27508507
2025-05-10 02:00:00+00:00,11.95,-14.97896825,-9.970837847,35.33673355
2025-05-10 03:00:00+00:00,0.655555556,-17.48710317,-13.18079155,34.86415997
2025-05-10 04:00:00+00:00,19.24166667,79.72311508,15.75234788,34.77276751
2025-05-10 05:00:00+00:00,0.161111111,84.09791667,48.77797619,34.9824484
2025-05-10 06:00:00+00:00,0,83.45287698,82.42463624,34.92370997
2025-05-10 07:00:00+00:00,1.566666667,83.50763889,83.68614418,34.95713838
2025-05-10 08:00:00+00:00,2.222841226,82.16772782,83.0427479,34.91861199
2025-05-10 09:00:00+00:00,3.572222222,86.32331349,83.99956007,34.99343838
2025-05-10 10:00:00+00:00,0.011111111,83.86230159,84.11778096,34.98247608
2025-05-10 11:00:00+00:00,0.588888889,84.85585317,85.01382275,35.01025799
2025-05-10 12:00:00+00:00,0.7,83.40605159,84.04140212,34.98670393
2025-05-10 13:00:00+00:00,0.055555556,84.13978175,84.1338955,34.98383935
2025-05-10 14:00:00+00:00,0.005555556,82.68005952,83.40863095,34.94742235
2025-05-10 15:00:00+00:00,1.019498607,84.53123756,83.78369294,35.12602633
2025-05-10 16:00:00+00:00,24.51666667,-13.44781746,51.25449321,35.14415216
2025-05-10 17:00:00+00:00,31.44722222,-21.14047619,16.64764797,35.24709114
2025-05-10 18:00:00+00:00,17.85555556,-14.26448413,-16.28425926,35.41528311
2025-05-10 19:00:00+00:00,11.41666667,-3.393650794,-12.93287037,35.62231082
2025-05-10 20:00:00+00:00,4.994444444,-5.909722222,-7.855952381,35.40536721
2025-05-10 21:00:00+00:00,13.01944444,-1.824503968,-3.709292328,36.34340457
2025-05-10 22:00:00+00:00,12.13333333,-9.986210317,-5.906812169,36.71476701
2025-05-10 23:00:00+00:00,1.328690808,-0.447075209,-4.085929832,36.87226321
2025-05-11 00:00:00+00:00,3.263888889,-2.819642857,-4.417642795,37.08216318
2025-05-11 01:00:00+00:00,24.175,-1.547619048,-1.604779038,37.31252502
2025-05-11 02:00:00+00:00,23.53333333,-10.13035714,-4.832539683,37.51455048
2025-05-11 03:00:00+00:00,0.941666667,-17.52628968,-9.734755291,37.51291771
2025-05-11 04:00:00+00:00,19.10555556,85.4797619,19.27437169,37.752778
2025-05-11 05:00:00+00:00,0,85.18981297,51.04776173,37.79827368
2025-05-11 06:00:00+00:00,1.141666667,84.82896825,85.16618104,37.85561081
2025-05-11 07:00:00+00:00,0,84.27718254,84.76532126,37.88767513
2025-05-11 08:00:00+00:00,0.55,84.36388889,84.49001323,37.97918184
2025-05-11 09:00:00+00:00,2.361111111,82.65912698,83.7667328,37.8265074
2025-05-11 10:00:00+00:00,0.022222222,83.76438492,83.59580026,37.82242754
2025-05-11 11:00:00+00:00,0.288888889,79.5968254,82.0067791,37.60330139
2025-05-11 12:00:00+00:00,4.874651811,85.87116992,83.07746008,37.70601465
2025-05-11 13:00:00+00:00,0.313888889,83.99623016,83.15474182,37.70003333
2025-05-11 14:00:00+00:00,0.291666667,83.30515873,84.39085294,37.72607913
2025-05-11 15:00:00+00:00,0.9,81.13025794,82.81054894,37.58437165
2025-05-11 16:00:00+00:00,15.55833333,-18.07013889,48.78842593,37.39177492
2025-05-11 17:00:00+00:00,41.83611111,-15.7889881,15.75704365,37.61475359
2025-05-11 18:00:00+00:00,37.44444444,-13.63640873,-15.83184524,37.6409234
2025-05-11 19:00:00+00:00,7.498607242,-25.38698766,-18.27079483,36.72453437
2025-05-11 20:00:00+00:00,32.225,-13.48075397,-17.50138345,36.40907471
2025-05-11 21:00:00+00:00,6.533333333,-25.74285714,-21.53686626,35.41247666
2025-05-11 22:00:00+00:00,26.85,1.449702381,-12.59130291,35.88897302
2025-05-11 23:00:00+00:00,5.902777778,-7.569742063,-10.62096561,35.59219524
2025-05-12 00:00:00+00:00,2.133333333,-18.0765873,-8.065542328,34.95648922
2025-05-12 01:00:00+00:00,23.54874652,3.227715877,-7.472871163,35.15546151
2025-05-12 02:00:00+00:00,15.69722222,-5.329563492,-6.726144972,35.35549458
2025-05-12 03:00:00+00:00,14.36388889,-17.06597222,-6.389273279,35.37467447
2025-05-12 04:00:00+00:00,0.008333333,78.71775794,18.77407407,35.09292431
2025-05-12 05:00:00+00:00,9.641666667,89.50704365,50.38627646,35.27280892
2025-05-12 06:00:00+00:00,0.005555556,84.42281746,84.21587302,35.25588597
2025-05-12 07:00:00+00:00,0.702777778,83.4264881,85.78544974,35.22044037
2025-05-12 08:00:00+00:00,0.665738162,84.39255869,84.08062142,35.22163494
2025-05-12 09:00:00+00:00,4.363888889,85.89355159,84.57086613,35.35640263
2025-05-12 10:00:00+00:00,0.05,84.24613095,84.84408041,35.37647538
2025-05-12 11:00:00+00:00,0.436111111,84.17956349,84.77308201,35.5674228
2025-05-12 12:00:00+00:00,0,81.15109127,83.1922619,35.37075286
2025-05-12 13:00:00+00:00,0.494444444,84.22490079,83.18518519,35.3802808
2025-05-12 14:00:00+00:00,0.094444444,82.6078373,82.66127646,35.35122574
2025-05-12 15:00:00+00:00,0,83.68444091,83.50572633,35.45765003
2025-05-12 16:00:00+00:00,12.26666667,-14.29593254,50.66544856,35.61490863
2025-05-12 17:00:00+00:00,20.69444444,-16.10644841,17.76068665,35.60168112
2025-05-12 18:00:00+00:00,5.938888889,-21.01359127,-17.13865741,35.29429851
2025-05-12 19:00:00+00:00,5.061111111,-6.549305556,-14.55644841,36.07920193
2025-05-12 20:00:00+00:00,27.12777778,-4.944940476,-10.83594577,36.43486083
2025-05-12 21:00:00+00:00,5.347222222,-7.232738095,-6.242328042,37.20611579
2025-05-12 22:00:00+00:00,19.86629526,2.974134501,-3.067848024,37.2696338
2025-05-12 23:00:00+00:00,0.627777778,-5.983531746,-3.414045114,37.33572589
2025-05-13 00:00:00+00:00,2.747222222,-6.846527778,-3.285308341,37.80364504
2025-05-13 01:00:00+00:00,18.67222222,-2.900099206,-5.243386243,37.54831941
2025-05-13 02:00:00+00:00,28.06388889,-4.872123016,-4.872916667,37.56737943
2025-05-13 03:00:00+00:00,0.838888889,-12.47450397,-6.74890873,37.75869061
2025-05-13 04:00:00+00:00,14.45277778,77.31121032,19.98819444,37.70008446
2025-05-13 05:00:00+00:00,0.233983287,85.07073219,49.96914618,37.51523815
2025-05-13 06:00:00+00:00,0.333333333,83.85138889,82.07777713,37.49142862
2025-05-13 07:00:00+00:00,19.46124031,85.49067715,84.80426608,37.5774365
2025-05-13 08:00:00+00:00,0.077777778,74.5398902,81.29398541,37.16690865
2025-05-13 09:00:00+00:00,0.041666667,77.63582724,79.22213153,36.8228368
2025-05-13 10:00:00+00:00,3.041666667,85.27212302,79.14928015,36.86558647
2025-05-13 11:00:00+00:00,0.880555556,82.9078373,81.93859585,36.81259788
2025-05-13 12:00:00+00:00,1.233983287,84.1574811,84.11248047,36.93786412
2025-05-13 13:00:00+00:00,0.95,84.0389881,83.7014355,36.93011776
2025-05-13 14:00:00+00:00,0.225,82.55386905,83.58344608,36.92786908
2025-05-13 15:00:00+00:00,0.305555556,82.98640873,83.19308862,36.89878441
2025-05-13 16:00:00+00:00,2.836111111,-9.923313492,51.87232143,37.08097687
2025-05-13 17:00:00+00:00,16.68333333,-3.530357143,23.17757937,37.60498067
2025-05-13 18:00:00+00:00,6.472222222,-6.713690476,-6.722453704,38.20080987
2025-05-13 19:00:00+00:00,30,-25.25287356,-11.83230706,37.42149453